Data Source,World Development Indicators,,,,,,,,,,,,,,,,,,,,,,,,,,,,,,,,,,,,,,,,,,,,,,,,,,,,,,,,,,,,,,,,
,,,,,,,,,,,,,,,,,,,,,,,,,,,,,,,,,,,,,,,,,,,,,,,,,,,,,,,,,,,,,,,,,
Last Updated Date,12/22/22,,,,,,,,,,,,,,,,,,,,,,,,,,,,,,,,,,,,,,,,,,,,,,,,,,,,,,,,,,,,,,,,
,,,,,,,,,,,,,,,,,,,,,,,,,,,,,,,,,,,,,,,,,,,,,,,,,,,,,,,,,,,,,,,,,
Country Name,Country Code,Indicator Name,Indicator Code,1960,1961,1962,1963,1964,1965,1966,1967,1968,1969,1970,1971,1972,1973,1974,1975,1976,1977,1978,1979,1980,1981,1982,1983,1984,1985,1986,1987,1988,1989,1990,1991,1992,1993,1994,1995,1996,1997,1998,1999,2000,2001,2002,2003,2004,2005,2006,2007,2008,2009,2010,2011,2012,2013,2014,2015,2016,2017,2018,2019,2020,2021
Aruba,ABW,Current health expenditure per capita (current US$),SH.XPD.CHEX.PC.CD,,,,,,,,,,,,,,,,,,,,,,,,,,,,,,,,,,,,,,,,,,,,,,,,,,,,,,,,,,,,,,
Africa Eastern and Southern,AFE,Current health expenditure per capita (current US$),SH.XPD.CHEX.PC.CD,,,,,,,,,,,,,,,,,,,,,,,,,,,,,,,,,,,,,,,,,45.06200473,39.52697925,36.39024248,52.17915824,64.2063202,71.02352318,77.59844307,86.65287772,88.90949123,92.79916217,107.5362179,117.8294412,112.6873494,110.5806402,103.9619629,98.62420637,94.21519313,101.5400295,95.44373647,91.07835136,,
Afghanistan,AFG,Current health expenditure per capita (current US$),SH.XPD.CHEX.PC.CD,,,,,,,,,,,,,,,,,,,,,,,,,,,,,,,,,,,,,,,,,,,15.80316353,17.03574371,20.4127636,23.89050102,27.83657074,31.27183914,38.10266113,41.72274399,44.99053192,50.85347366,51.44026184,55.03462982,59.00893402,58.90652847,60.18867111,65.70602417,69.99860382,65.80603027,,
Africa Western and Central,AFW,Current health expenditure per capita (current US$),SH.XPD.CHEX.PC.CD,,,,,,,,,,,,,,,,,,,,,,,,,,,,,,,,,,,,,,,,,20.38977826,21.07037889,22.16055607,34.09889941,38.72317185,44.27323813,50.91385058,55.36023312,63.98291811,57.7937211,61.56745385,68.83496699,71.15527725,78.9181562,81.92949427,73.38407767,63.70893173,61.02446085,59.41213612,61.3621724,,
Angola,AGO,Current health expenditure per capita (current US$),SH.XPD.CHEX.PC.CD,,,,,,,,,,,,,,,,,,,,,,,,,,,,,,,,,,,,,,,,,12.99896717,28.91812134,29.04936409,34.87518692,49.81074142,54.26077652,69.81230164,92.86030579,135.6058197,119.9962845,96.69701385,122.1072311,122.185585,143.6068726,131.6476593,108.5829392,95.12497711,114.3346024,87.31073761,71.32600403,,
Albania,ALB,Current health expenditure per capita (current US$),SH.XPD.CHEX.PC.CD,,,,,,,,,,,,,,,,,,,,,,,,,,,,,,,,,,,,,,,,,80.61695099,89.58073425,96.27111816,125.9879761,156.5681763,165.2653656,174.5302429,222.3036652,220.4642487,186.4428101,192.0032196,211.0755158,213.7197418,236.957962,251.3582611,192.8851318,202.0133209,226.2806702,274.914093,,,
Andorra,AND,Current health expenditure per capita (current US$),SH.XPD.CHEX.PC.CD,,,,,,,,,,,,,,,,,,,,,,,,,,,,,,,,,,,,,,,,,1302.620728,1347.484985,1528.75061,1820.04187,2043.302246,2299.703613,2161.205322,2403.599121,2818.804688,2714.249756,2685.479736,2634.032715,2370.057129,2432.782715,2529.089844,2246.254395,2361.217529,2567.423828,2821.80127,2744.194336,,
Arab World,ARB,Current health expenditure per capita (current US$),SH.XPD.CHEX.PC.CD,,,,,,,,,,,,,,,,,,,,,,,,,,,,,,,,,,,,,,,,,115.0093447,117.9016003,116.8716253,112.7537486,122.560777,135.4180157,155.9799774,184.2641546,217.1379211,234.9588835,244.1804377,278.6789586,299.6591381,335.0544094,361.2574231,345.2555353,348.0654421,369.5379536,375.1915235,378.3861904,,
United Arab Emirates,ARE,Current health expenditure per capita (current US$),SH.XPD.CHEX.PC.CD,,,,,,,,,,,,,,,,,,,,,,,,,,,,,,,,,,,,,,,,,787.0211182,777.1306152,857.9119263,886.5012207,894.5404053,913.3560791,974.5206299,1072.705322,1303.140747,1296.977661,1314.630005,1438.472168,1403.524902,1523.883789,1588.282349,1385.53772,1322.004272,1650.018555,1817.347656,1842.694458,,
Argentina,ARG,Current health expenditure per capita (current US$),SH.XPD.CHEX.PC.CD,,,,,,,,,,,,,,,,,,,,,,,,,,,,,,,,,,,,,,,,,708.7695313,675.0578613,223.8486023,262.2865906,311.6450501,392.5887451,455.7980957,572.0401001,746.4932861,785.6702271,985.0344238,1208.391602,1368.422974,1421.657593,1286.217651,1531.484253,1153.534058,1529.670044,1127.928467,945.9919434,,
Armenia,ARM,Current health expenditure per capita (current US$),SH.XPD.CHEX.PC.CD,,,,,,,,,,,,,,,,,,,,,,,,,,,,,,,,,,,,,,,,,26.12908936,32.25933838,59.63238907,66.77802277,72.17178345,96.35484314,126.252945,172.6018677,266.3115845,252.8356018,297.2290649,330.5755615,336.3205566,396.232544,405.7288818,364.9728088,357.4577637,405.6506958,422.2826843,523.9990845,,
American Samoa,ASM,Current health expenditure per capita (current US$),SH.XPD.CHEX.PC.CD,,,,,,,,,,,,,,,,,,,,,,,,,,,,,,,,,,,,,,,,,,,,,,,,,,,,,,,,,,,,,,
Antigua and Barbuda,ATG,Current health expenditure per capita (current US$),SH.XPD.CHEX.PC.CD,,,,,,,,,,,,,,,,,,,,,,,,,,,,,,,,,,,,,,,,,512.5682983,563.7371216,550.0645752,602.6936035,585.7212524,626.7166748,648.2271118,694.536438,673.8375244,591.4252319,701.8178101,693.807251,727.256958,711.2297974,792.8414917,754.2418823,778.4511108,750.0192261,808.6992798,760.2649536,,
Australia,AUS,Current health expenditure per capita (current US$),SH.XPD.CHEX.PC.CD,,,,,,,,,,,,,,,,,,,,,,,,,,,,,,,,,,,,,,,,,1638.814941,1564.166504,1770.466187,2249.290771,2767.136963,3013.087646,3184.807617,3799.737549,4090.761963,3995.340088,4945.038086,5861.702637,6025.344727,5813.985352,5607.917969,4862.601563,4993.689453,5340.364746,5364.542969,5427.462402,,
Austria,AUT,Current health expenditure per capita (current US$),SH.XPD.CHEX.PC.CD,,,,,,,,,,,,,,,,,,,,,,,,,,,,,,,,,,,,,,,,,2269.126465,2282.515869,2497.865967,3091.240234,3594.650391,3710.397949,3882.981934,4478.768555,5057.760742,4928.987793,4800.793457,5167.817871,4966.095703,5235.341309,5393.602051,4612.824219,4709.875977,4938.919922,5322.262695,5242.183105,,
Azerbaijan,AZE,Current health expenditure per capita (current US$),SH.XPD.CHEX.PC.CD,,,,,,,,,,,,,,,,,,,,,,,,,,,,,,,,,,,,,,,,,19.14171791,19.19028282,20.59105873,23.80008125,27.38257599,35.07611465,50.24787903,75.39520264,107.3614349,129.7258606,145.8452606,176.4084778,222.9855194,239.9508057,267.3097229,226.510025,156.9957275,155.0982666,168.3916473,193.1088409,,
Burundi,BDI,Current health expenditure per capita (current US$),SH.XPD.CHEX.PC.CD,,,,,,,,,,,,,,,,,,,,,,,,,,,,,,,,,,,,,,,,,8.42834568,8.60474777,7.96743488,7.16897345,9.8821106,12.77716923,16.64111137,18.25146484,18.31873894,21.8832016,26.41332245,25.13240814,21.51785278,21.93877029,20.10721016,19.64325523,21.78308105,23.15567589,22.40539742,20.56754112,,
Belgium,BEL,Current health expenditure per capita (current US$),SH.XPD.CHEX.PC.CD,,,,,,,,,,,,,,,,,,,,,,,,,,,,,,,,,,,,,,,,,1849.916016,1879.934814,2084.719971,2828.333496,3326.637207,3419.693115,3558.121338,4078.146973,4670.422852,4653.436523,4544.779785,4943.796875,4706.470215,4947.769531,5072.950684,4291.489746,4534.22998,4775.8125,5134.414551,4960.393555,,
Benin,BEN,Current health expenditure per capita (current US$),SH.XPD.CHEX.PC.CD,,,,,,,,,,,,,,,,,,,,,,,,,,,,,,,,,,,,,,,,,15.90676403,16.83250046,17.49715614,21.60637474,24.56986427,24.14694977,25.45315742,27.96020699,30.34991455,30.76049805,31.06598282,34.99642563,39.10080719,35.76725006,34.44753647,31.30697823,29.78626442,29.76860428,31.07242012,29.12529182,,
Burkina Faso,BFA,Current health expenditure per capita (current US$),SH.XPD.CHEX.PC.CD,,,,,,,,,,,,,,,,,,,,,,,,,,,,,,,,,,,,,,,,,7.54438114,7.71472406,8.75488853,11.77481174,17.64383125,18.09339523,21.37371254,28.00374031,29.90420341,31.71803284,33.94390106,34.91963577,34.88827133,43.80942535,39.6444664,33.52824402,40.98265457,44.51367188,40.26911545,42.3445282,,
Bangladesh,BGD,Current health expenditure per capita (current US$),SH.XPD.CHEX.PC.CD,,,,,,,,,,,,,,,,,,,,,,,,,,,,,,,,,,,,,,,,,8.56026173,8.36238003,9.34001255,10.27598572,11.08631516,11.60705376,12.33577824,14.31881523,15.80424309,17.92318726,20.80270004,22.84561729,23.45907974,26.67387962,29.74625206,32.84908676,34.56891251,37.40678406,41.90407562,45.85716248,,
Bulgaria,BGR,Current health expenditure per capita (current US$),SH.XPD.CHEX.PC.CD,,,,,,,,,,,,,,,,,,,,,,,,,,,,,,,,,,,,,,,,,94.49745178,119.8299789,148.1479187,195.7436981,233.113327,267.741394,294.1089172,361.2349854,455.5405884,459.3002014,484.7522888,555.8641968,558.6479492,547.454834,605.2589111,521.4190674,562.3408203,624.5250244,689.9053955,697.8963623,,
Bahrain,BHR,Current health expenditure per capita (current US$),SH.XPD.CHEX.PC.CD,,,,,,,,,,,,,,,,,,,,,,,,,,,,,,,,,,,,,,,,,485.6864624,484.9073486,503.0300598,567.2379761,550.3598023,570.2942505,591.3112793,692.9683228,757.736145,785.2603149,796.3184204,805.3147583,971.3684692,1066.132446,1101.256836,1128.759155,1098.883545,1126.066895,994.1790161,940.3956909,,
"Bahamas, The",BHS,Current health expenditure per capita (current US$),SH.XPD.CHEX.PC.CD,,,,,,,,,,,,,,,,,,,,,,,,,,,,,,,,,,,,,,,,,1030.968994,1078.694458,1100.532593,1138.740601,1148.942383,1220.788208,1323.530884,1415.036743,1489.427246,1470.687744,1495.231323,1491.041626,1568.287964,1609.317993,1670.240356,1635.882935,1774.021729,2162.423584,2002.412964,2004.616333,,
Bosnia and Herzegovina,BIH,Current health expenditure per capita (current US$),SH.XPD.CHEX.PC.CD,,,,,,,,,,,,,,,,,,,,,,,,,,,,,,,,,,,,,,,,,113.3132629,112.0685196,127.2113953,180.9941711,244.5274048,262.8928223,303.5122376,388.098999,482.9365234,425.0511475,417.7483215,467.0319214,452.9765015,484.2270203,504.7872315,442.0378418,461.9793396,482.1771545,539.9100342,553.822937,,
Belarus,BLR,Current health expenditure per capita (current US$),SH.XPD.CHEX.PC.CD,,,,,,,,,,,,,,,,,,,,,,,,,,,,,,,,,,,,,,,,,57.66816711,74.33643341,87.08403778,109.8769302,142.7480164,198.3073731,223.831192,281.0776367,351.7279663,290.7015381,343.6791077,319.7537231,365.874939,456.4916687,450.2226257,362.7528381,298.6265869,333.5410767,351.0068054,399.3970947,,
Belize,BLZ,Current health expenditure per capita (current US$),SH.XPD.CHEX.PC.CD,,,,,,,,,,,,,,,,,,,,,,,,,,,,,,,,,,,,,,,,,132.7074585,157.4631958,166.045044,168.3944397,170.2119904,174.4114533,189.3328552,226.2300415,249.9266663,241.7303619,242.3494263,252.8253937,246.0603638,257.9893189,292.1433106,283.5724487,296.0452271,282.5537415,285.9703369,293.4125977,,
Bermuda,BMU,Current health expenditure per capita (current US$),SH.XPD.CHEX.PC.CD,,,,,,,,,,,,,,,,,,,,,,,,,,,,,,,,,,,,,,,,,,,,,,,,,,,,,,,,,,,,,,
Bolivia,BOL,Current health expenditure per capita (current US$),SH.XPD.CHEX.PC.CD,,,,,,,,,,,,,,,,,,,,,,,,,,,,,,,,,,,,,,,,,43.84843826,45.78475189,44.27474976,47.16543961,47.04486847,52.48216629,56.81023026,64.47034454,79.01570129,90.77088165,101.7298813,121.3785858,137.1217804,162.1219788,181.7120514,198.8755798,210.2380981,217.4946899,235.700882,245.9234772,,
Brazil,BRA,Current health expenditure per capita (current US$),SH.XPD.CHEX.PC.CD,,,,,,,,,,,,,,,,,,,,,,,,,,,,,,,,,,,,,,,,,312.5392761,270.1898193,246.9470062,251.4379425,295.5286255,384.9320068,485.5993347,602.6859131,707.4912109,721.7680054,896.6971436,1031.576172,957.0070801,981.152832,1017.047119,785.2648315,798.6270752,940.369751,866.1553955,853.3879395,,
Barbados,BRB,Current health expenditure per capita (current US$),SH.XPD.CHEX.PC.CD,,,,,,,,,,,,,,,,,,,,,,,,,,,,,,,,,,,,,,,,,600.80896,619.3395996,665.9202881,781.9650879,915.3046265,935.6404419,1000.617188,1015.606689,1107.046021,1135.609863,1087.656494,1135.5177,1263.918701,1233.114868,1153.884155,1119.548218,1129.193359,1151.693726,1164.544556,1143.322021,,
Brunei Darussalam,BRN,Current health expenditure per capita (current US$),SH.XPD.CHEX.PC.CD,,,,,,,,,,,,,,,,,,,,,,,,,,,,,,,,,,,,,,,,,508.5484009,464.7904358,473.2272339,535.2774048,619.2869873,646.1602173,654.6901856,702.6691895,788.6153565,741.2953491,803.5268555,877.1575928,883.6755981,849.3306274,798.7937012,743.920044,692.0357056,648.6688232,763.1456909,671.5626831,,
Bhutan,BTN,Current health expenditure per capita (current US$),SH.XPD.CHEX.PC.CD,,,,,,,,,,,,,,,,,,,,,,,,,,,,,,,,,,,,,,,,,30.89350891,35.94556046,36.13760376,37.73608017,46.90710449,47.74116898,55.31650925,66.06005859,58.85731506,61.12592697,74.09108734,79.5575943,85.97568512,88.24406433,88.89917755,98.56243896,98.90504456,104.8551025,102.7385178,115.9807587,,
Botswana,BWA,Current health expenditure per capita (current US$),SH.XPD.CHEX.PC.CD,,,,,,,,,,,,,,,,,,,,,,,,,,,,,,,,,,,,,,,,,205.2371521,201.8108063,204.8869324,267.4949341,293.9719544,277.0609741,263.605957,311.0372315,330.3592224,342.9356384,398.5707092,440.0437012,433.0039978,449.7056885,435.5536804,389.3807373,402.8016357,484.2239075,494.1954651,481.5330505,,
Central African Republic,CAF,Current health expenditure per capita (current US$),SH.XPD.CHEX.PC.CD,,,,,,,,,,,,,,,,,,,,,,,,,,,,,,,,,,,,,,,,,10.18517113,9.56678581,10.97875595,13.49363136,14.26363945,15.28491306,16.59565353,19.75128746,19.52352142,22.9681778,18.69205093,21.3735981,22.29368019,18.83095169,20.86845589,19.00076675,21.89539337,30.05440521,53.6903801,37.19958115,,
Canada,CAN,Current health expenditure per capita (current US$),SH.XPD.CHEX.PC.CD,,,,,,,,,,,,,,,,,,,,,,,,,,,,,,,,,,,,,,,,,2007.880859,2063.92749,2159.315918,2562.914551,2925.067139,3296.501465,3788.090088,4212.990723,4474.974609,4371.552734,5065.915039,5400.11377,5500.684082,5443.625,5189.014648,4637.211426,4629.375,4865.070801,5018.711426,5048.372559,,
Central Europe and the Baltics,CEB,Current health expenditure per capita (current US$),SH.XPD.CHEX.PC.CD,,,,,,,,,,,,,,,,,,,,,,,,,,,,,,,,,,,,,,,,,221.140527,252.1759466,298.2324758,372.9412809,446.7367993,522.5036194,580.0235531,729.2921008,927.1541944,842.0350386,855.0534711,906.6744133,850.648139,914.3540886,930.5623742,812.0443946,844.810437,933.8336677,1053.877668,1094.749912,,
Switzerland,CHE,Current health expenditure per capita (current US$),SH.XPD.CHEX.PC.CD,,,,,,,,,,,,,,,,,,,,,,,,,,,,,,,,,,,,,,,,,3559.819824,3763.384521,4211.729492,5018.527344,5608.703125,5673.94043,5671.981445,6154.703125,7120.651855,7297.379883,7705.175781,9191.958984,8917.119141,9275.798828,9578.645508,9382.791016,9439.424805,9606.349609,9870.664063,9666.337891,,
Channel Islands,CHI,Current health expenditure per capita (current US$),SH.XPD.CHEX.PC.CD,,,,,,,,,,,,,,,,,,,,,,,,,,,,,,,,,,,,,,,,,,,,,,,,,,,,,,,,,,,,,,
Chile,CHL,Current health expenditure per capita (current US$),SH.XPD.CHEX.PC.CD,,,,,,,,,,,,,,,,,,,,,,,,,,,,,,,,,,,,,,,,,356.9637756,327.1319885,323.0671692,349.9878235,427.5166931,500.6451721,571.201416,648.5598145,724.7012329,735.9789429,867.7307739,991.2028809,1077.82019,1179.472656,1145.408569,1127.021606,1171.623047,1360.173584,1455.116699,1375.802979,,
China,CHN,Current health expenditure per capita (current US$),SH.XPD.CHEX.PC.CD,,,,,,,,,,,,,,,,,,,,,,,,,,,,,,,,,,,,,,,,,42.11240387,43.66367722,49.14166641,55.6510849,63.26198578,71.86441803,81.22816467,97.07929993,131.8872833,162.6175537,186.4915009,236.3749237,281.6771545,326.0415955,359.3093262,390.1040955,395.3599548,437.2567444,501.0593872,535.1333618,,
Cote d'Ivoire,CIV,Current health expenditure per capita (current US$),SH.XPD.CHEX.PC.CD,,,,,,,,,,,,,,,,,,,,,,,,,,,,,,,,,,,,,,,,,55.2961998,55.29138565,58.75072098,66.02466583,69.84380341,64.44137573,62.54813385,66.86506653,78.34770203,75.07719421,74.04659271,74.29046631,76.08685303,72.76117706,80.52973175,63.51419067,67.48299408,69.77150726,72.17318726,75.08779144,,
Cameroon,CMR,Current health expenditure per capita (current US$),SH.XPD.CHEX.PC.CD,,,,,,,,,,,,,,,,,,,,,,,,,,,,,,,,,,,,,,,,,28.0037632,26.70227814,30.54583931,37.04441071,40.62355042,41.45746613,42.83129883,47.34065247,52.65299225,49.35915375,48.35902023,56.44068146,55.17245483,55.47434235,60.95220566,49.76532364,50.88278198,49.76703644,53.17176819,53.99584961,,
"Congo, Dem. Rep.",COD,Current health expenditure per capita (current US$),SH.XPD.CHEX.PC.CD,,,,,,,,,,,,,,,,,,,,,,,,,,,,,,,,,,,,,,,,,19.86825752,6.03850174,4.6487875,6.6394062,8.57719994,9.28722,11.22324371,12.41400909,16.34123802,13.57572556,12.89442444,12.62923431,14.01603508,16.33388329,19.36799622,19.73957443,20.57792664,19.41378212,18.52062225,20.57073212,,
"Congo, Rep.",COG,Current health expenditure per capita (current US$),SH.XPD.CHEX.PC.CD,,,,,,,,,,,,,,,,,,,,,,,,,,,,,,,,,,,,,,,,,17.48368263,20.6484375,17.19757652,21.75997162,27.93210793,31.53102112,36.82757568,43.09650421,65.03125,50.24730682,56.96957016,62.42331314,74.9154129,75.50088501,74.61357117,60.15248871,56.93314743,54.75907516,49.46409988,48.55877304,,
Colombia,COL,Current health expenditure per capita (current US$),SH.XPD.CHEX.PC.CD,,,,,,,,,,,,,,,,,,,,,,,,,,,,,,,,,,,,,,,,,132.879715,136.6105347,130.4255219,128.0061493,157.5755768,207.1589966,237.0175171,305.9917908,374.4269714,379.6958618,448.0877686,497.3807068,543.0700073,576.7012329,583.0588989,464.6349793,442.1382446,489.6445923,513.1586914,495.3297119,,
Comoros,COM,Current health expenditure per capita (current US$),SH.XPD.CHEX.PC.CD,,,,,,,,,,,,,,,,,,,,,,,,,,,,,,,,,,,,,,,,,47.0023613,44.58984756,50.12067795,62.38849258,68.60703278,65.68196106,63.42575836,67.18291473,70.62155151,66.25401306,65.7171936,76.77274323,72.61225128,76.68770599,79.20176697,57.17092514,59.23079681,69.73937988,69.41635895,72.32379913,,
Cabo Verde,CPV,Current health expenditure per capita (current US$),SH.XPD.CHEX.PC.CD,,,,,,,,,,,,,,,,,,,,,,,,,,,,,,,,,,,,,,,,,63.03440475,67.14394379,72.8820343,89.07603455,98.08786774,100.6719818,118.3291397,133.4176483,133.2350769,135.4057159,151.160141,161.0337372,176.9837341,191.2829895,191.176239,146.6751709,151.7473602,173.7935486,190.4555969,177.8902741,,
Costa Rica,CRI,Current health expenditure per capita (current US$),SH.XPD.CHEX.PC.CD,,,,,,,,,,,,,,,,,,,,,,,,,,,,,,,,,,,,,,,,,248.753418,256.3935852,277.6987,289.0682678,292.0318298,311.7087708,362.5049133,427.0420227,515.4333496,534.5744629,660.5864258,749.6449585,784.4829712,825.3932495,831.3001709,883.9154663,878.888916,861.3200684,909.6730957,921.5857544,,
Caribbean small states,CSS,Current health expenditure per capita (current US$),SH.XPD.CHEX.PC.CD,,,,,,,,,,,,,,,,,,,,,,,,,,,,,,,,,,,,,,,,,257.4893185,252.4708946,271.3822677,277.9971354,316.6973012,351.0394332,376.1904926,435.2900375,479.4225535,467.9251361,493.0014442,515.0214373,528.4335834,547.2983685,559.7806095,584.4453494,582.9945914,625.1873464,639.5982452,662.6817105,,
Cuba,CUB,Current health expenditure per capita (current US$),SH.XPD.CHEX.PC.CD,,,,,,,,,,,,,,,,,,,,,,,,,,,,,,,,,,,,,,,,,180.8112183,198.1336517,213.3907929,227.0909576,231.9878235,331.532135,387.420166,571.2655029,612.2435913,679.6263428,612.4650879,699.8342896,604.2123413,713.241333,866.0756226,986.7340088,984.8484497,1000.289551,986.9373169,1031.921753,,
Curacao,CUW,Current health expenditure per capita (current US$),SH.XPD.CHEX.PC.CD,,,,,,,,,,,,,,,,,,,,,,,,,,,,,,,,,,,,,,,,,,,,,,,,,,,,,,,,,,,,,,
Cayman Islands,CYM,Current health expenditure per capita (current US$),SH.XPD.CHEX.PC.CD,,,,,,,,,,,,,,,,,,,,,,,,,,,,,,,,,,,,,,,,,,,,,,,,,,,,,,,,,,,,,,
Cyprus,CYP,Current health expenditure per capita (current US$),SH.XPD.CHEX.PC.CD,,,,,,,,,,,,,,,,,,,,,,,,,,,,,,,,,,,,,,,,,750.5167236,782.1616211,890.4829712,1145.058472,1286.971558,1366.01709,1474.02063,1694.271851,2155.246582,2105.477783,2045.292358,2114.668945,1899.372559,1916.322632,1873.891357,1581.413574,1634.935547,1750.507324,1981.778442,1996.458252,,
Czechia,CZE,Current health expenditure per capita (current US$),SH.XPD.CHEX.PC.CD,,,,,,,,,,,,,,,,,,,,,,,,,,,,,,,,,,,,,,,,,342.921051,388.5440369,497.7420349,640.6604004,746.3289185,852.6524658,942.118042,1110.176636,1449.336792,1442.242798,1373.931763,1516.55542,1387.406006,1554.509033,1512.926147,1284.046753,1321.620239,1475.915283,1765.588623,1844.217773,,
Germany,DEU,Current health expenditure per capita (current US$),SH.XPD.CHEX.PC.CD,,,,,,,,,,,,,,,,,,,,,,,,,,,,,,,,,,,,,,,,,2344.354736,2346.61499,2567.50293,3152.794189,3459.824951,3558.213379,3697.921631,4182.799316,4669.65332,4674.783203,4611.275879,5037.370117,4765.583008,5099.641113,5307.082031,4624.556641,4744.229492,5055.821289,5481.987305,5440.251465,,
Djibouti,DJI,Current health expenditure per capita (current US$),SH.XPD.CHEX.PC.CD,,,,,,,,,,,,,,,,,,,,,,,,,,,,,,,,,,,,,,,,,31.95798492,31.04225731,40.19449615,46.11334229,40.28805161,40.95962524,47.32995605,50.44793701,53.96245575,55.32074356,56.2014122,68.77837372,72.22033691,67.53491211,73.12316895,82.28987885,76.8683548,72.23477173,71.08630371,61.80943298,,
Dominica,DMA,Current health expenditure per capita (current US$),SH.XPD.CHEX.PC.CD,,,,,,,,,,,,,,,,,,,,,,,,,,,,,,,,,,,,,,,,,254.785553,226.9600678,222.0938568,237.3544617,247.4588165,256.7341309,263.9116516,285.2404175,326.6416931,344.1196594,359.221344,376.9500732,396.8137817,375.1051025,385.1565857,391.9345398,414.04245,398.6354065,479.0935364,440.1698608,,
Denmark,DNK,Current health expenditure per capita (current US$),SH.XPD.CHEX.PC.CD,,,,,,,,,,,,,,,,,,,,,,,,,,,,,,,,,,,,,,,,,2496.047119,2602.642822,2895.807373,3607.042969,4194.873535,4442.755371,4778.891602,5468.379395,6137.776367,6221.688965,6011.538086,6281.004395,6003.830566,6236.554199,6380.784668,5469.334961,5565.593262,5800.152832,6216.768555,6003.325195,,
Dominican Republic,DOM,Current health expenditure per capita (current US$),SH.XPD.CHEX.PC.CD,,,,,,,,,,,,,,,,,,,,,,,,,,,,,,,,,,,,,,,,,140.138855,145.3536682,155.0956116,106.1385651,106.6501617,171.230011,164.1003876,198.0725403,240.4110718,256.3579102,309.9571838,335.0012817,359.6081848,359.5705566,380.0755005,400.3849487,424.3001709,443.6706848,461.5351563,491.0593567,,
Algeria,DZA,Current health expenditure per capita (current US$),SH.XPD.CHEX.PC.CD,,,,,,,,,,,,,,,,,,,,,,,,,,,,,,,,,,,,,,,,,61.58218002,66.80211639,66.46335602,75.7433548,92.50652313,100.713829,116.7143173,150.9656372,206.8851929,208.1199188,229.2894592,287.3861084,335.5619507,331.9416809,359.6421204,291.5535278,260.761261,258.0639648,256.0094605,248.2058716,,
East Asia & Pacific (excluding high income),EAP,Current health expenditure per capita (current US$),SH.XPD.CHEX.PC.CD,,,,,,,,,,,,,,,,,,,,,,,,,,,,,,,,,,,,,,,,,37.88180194,39.01794209,43.53741396,49.73175948,55.94617545,64.25618214,73.79377098,88.3417465,115.4421718,137.2250645,159.0884313,198.8615924,232.3899462,263.609107,286.5092311,305.9734462,311.1318724,341.9197524,387.8921712,414.0485907,,
Early-demographic dividend,EAR,Current health expenditure per capita (current US$),SH.XPD.CHEX.PC.CD,,,,,,,,,,,,,,,,,,,,,,,,,,,,,,,,,,,,,,,,,67.07458125,68.0674797,61.75834455,68.40695466,77.40914858,88.3383846,99.38887032,115.2332607,127.2323366,129.3191278,147.4251877,161.8456553,168.6158998,173.5396188,173.1821342,171.1729551,165.0669918,173.5057399,171.0876679,171.5745018,,
East Asia & Pacific,EAS,Current health expenditure per capita (current US$),SH.XPD.CHEX.PC.CD,,,,,,,,,,,,,,,,,,,,,,,,,,,,,,,,,,,,,,,,,238.9711421,222.3131315,224.0732986,251.4225403,277.8606907,291.608528,297.3375794,321.7343369,374.2062561,419.148175,477.2191373,586.0239818,625.012495,602.1768843,610.75826,597.84024,631.1218095,664.2540291,719.3924779,750.7474785,,
Europe & Central Asia (excluding high income),ECA,Current health expenditure per capita (current US$),SH.XPD.CHEX.PC.CD,,,,,,,,,,,,,,,,,,,,,,,,,,,,,,,,,,,,,,,,,92.11432297,97.10813983,116.0982186,143.0780367,181.1502649,227.7768386,279.1139585,352.9991978,438.4689101,378.682868,412.364144,468.3729192,505.0597292,536.0370241,498.3626213,376.0406823,361.4852734,403.7742579,410.9940222,436.6473719,,
Europe & Central Asia,ECS,Current health expenditure per capita (current US$),SH.XPD.CHEX.PC.CD,,,,,,,,,,,,,,,,,,,,,,,,,,,,,,,,,,,,,,,,,938.4995811,969.517545,1093.987643,1355.863197,1573.136854,1665.364337,1785.192085,2055.895548,2299.25868,2201.520431,2186.588696,2368.958215,2273.832365,2381.399459,2429.414638,2100.325732,2096.572083,2191.561981,2345.455698,2334.125343,,
Ecuador,ECU,Current health expenditure per capita (current US$),SH.XPD.CHEX.PC.CD,,,,,,,,,,,,,,,,,,,,,,,,,,,,,,,,,,,,,,,,,48.12062454,71.11089325,97.16691589,131.9830933,149.8138428,167.945816,189.8469849,190.5166321,228.485672,241.1614075,283.415741,336.8609314,384.2339478,411.9067383,428.7937927,458.814209,441.170929,461.57547,495.1695862,486.492157,,
"Egypt, Arab Rep.",EGY,Current health expenditure per capita (current US$),SH.XPD.CHEX.PC.CD,,,,,,,,,,,,,,,,,,,,,,,,,,,,,,,,,,,,,,,,,73.65684509,73.07783508,68.25554657,53.82350159,53.93090057,63.86014175,71.35442352,78.95716858,97.20935059,106.6651917,113.2481995,125.2548676,150.7184143,150.6195984,167.2470856,183.4326172,153.4869537,113.9753799,125.545372,149.8403168,,
Euro area,EMU,Current health expenditure per capita (current US$),SH.XPD.CHEX.PC.CD,,,,,,,,,,,,,,,,,,,,,,,,,,,,,,,,,,,,,,,,,1750.659411,1792.152859,1996.234671,2501.628215,2860.436376,2977.756225,3146.762137,3569.003002,4030.787587,3964.641862,3849.377927,4113.621344,3836.966724,4018.919161,4106.924388,3522.893334,3598.218014,3782.04096,4071.128189,4001.053619,,
Eritrea,ERI,Current health expenditure per capita (current US$),SH.XPD.CHEX.PC.CD,,,,,,,,,,,,,,,,,,,,,,,,,,,,,,,,,,,,,,,,,13.75257683,14.51352882,15.21526051,18.9991188,22.12163734,20.64316559,22.02857208,17.96751785,19.32589912,22.39599228,24.71432877,33.53648758,26.23007774,29.8780117,31.9061451,26.82021332,22.65307236,20.79556274,23.97976303,25.2679348,,
Spain,ESP,Current health expenditure per capita (current US$),SH.XPD.CHEX.PC.CD,,,,,,,,,,,,,,,,,,,,,,,,,,,,,,,,,,,,,,,,,1005.283997,1045.050659,1174.579346,1641.058716,1924.445313,2060.330811,2242.178223,2606.178955,2995.049805,2937.534424,2789.533936,2909.117676,2591.016113,2629.605469,2679.629395,2349.054443,2376.721191,2526.720459,2740.269287,2711.192871,,
Estonia,EST,Current health expenditure per capita (current US$),SH.XPD.CHEX.PC.CD,,,,,,,,,,,,,,,,,,,,,,,,,,,,,,,,,,,,,,,,,209.7131348,214.7041473,250.4802094,349.0580444,455.0681152,524.6801148,600.5078735,832.7330933,1038.562256,963.0196533,926.4541626,1015.968262,1013.314209,1144.646851,1238.927002,1112.914063,1186.102783,1350.380615,1552.632446,1598.818848,,
Ethiopia,ETH,Current health expenditure per capita (current US$),SH.XPD.CHEX.PC.CD,,,,,,,,,,,,,,,,,,,,,,,,,,,,,,,,,,,,,,,,,5.38449526,5.61692476,5.25928497,5.84133863,5.88065052,6.65360308,8.66179371,11.98231506,13.45180225,15.63803864,16.7058506,15.11117077,20.66479492,19.88365173,22.27192688,23.91623878,25.07559586,24.92481232,24.29408836,26.74220467,,
European Union,EUU,Current health expenditure per capita (current US$),SH.XPD.CHEX.PC.CD,,,,,,,,,,,,,,,,,,,,,,,,,,,,,,,,,,,,,,,,,1432.322735,1474.800481,1651.100085,2071.60399,2374.522763,2486.457198,2636.33324,3008.459259,3418.286878,3342.131159,3265.31317,3520.889927,3295.526268,3462.666015,3536.825724,3037.814068,3106.97023,3275.55294,3531.356618,3476.645891,,
Fragile and conflict affected situations,FCS,Current health expenditure per capita (current US$),SH.XPD.CHEX.PC.CD,,,,,,,,,,,,,,,,,,,,,,,,,,,,,,,,,,,,,,,,,38.88991903,40.42394907,34.93339766,39.43200941,46.18137029,53.33611049,69.71654012,82.49707641,94.34635779,95.5219544,102.5458154,102.7399021,106.3092005,107.1678405,106.0672216,98.0729181,88.62337303,92.49575171,85.66508551,82.17749384,,
Finland,FIN,Current health expenditure per capita (current US$),SH.XPD.CHEX.PC.CD,,,,,,,,,,,,,,,,,,,,,,,,,,,,,,,,,,,,,,,,,1722.832642,1806.050171,2054.262939,2606.775879,3035.97876,3228.952148,3407.665527,3911.96582,4481.216797,4347.121582,4249.602051,4715.935059,4572.523438,4892.097168,4922.675781,4127.149902,4107.062988,4233.468262,4515.677246,4450.302734,,
Fiji,FJI,Current health expenditure per capita (current US$),SH.XPD.CHEX.PC.CD,,,,,,,,,,,,,,,,,,,,,,,,,,,,,,,,,,,,,,,,,77.02472687,64.19378662,73.04816437,91.39411163,117.6728058,129.1028748,135.927002,150.6446686,143.7378388,128.657898,135.1687012,149.0231628,162.4148254,167.8108673,188.8343201,179.2209778,185.346756,194.4366608,216.0964203,235.6750183,,
France,FRA,Current health expenditure per capita (current US$),SH.XPD.CHEX.PC.CD,,,,,,,,,,,,,,,,,,,,,,,,,,,,,,,,,,,,,,,,,2161.853027,2192.71582,2449.758301,3006.305908,3458.627441,3575.025146,3811.551758,4312.310547,4807.374512,4737.578125,4592.383301,4931.87793,4644.595703,4893.476074,4982.991211,4201.555664,4257.149902,4402.07959,4657.75293,4491.735352,,
Faroe Islands,FRO,Current health expenditure per capita (current US$),SH.XPD.CHEX.PC.CD,,,,,,,,,,,,,,,,,,,,,,,,,,,,,,,,,,,,,,,,,,,,,,,,,,,,,,,,,,,,,,
"Micronesia, Fed. Sts.",FSM,Current health expenditure per capita (current US$),SH.XPD.CHEX.PC.CD,,,,,,,,,,,,,,,,,,,,,,,,,,,,,,,,,,,,,,,,,168.4578552,190.0736847,178.5595856,219.3636017,270.7167969,417.7243652,257.90271,272.1109619,304.5819397,341.3183594,378.2447815,393.6810303,384.1512146,363.263031,348.3200989,361.4720764,395.7920837,402.1820068,417.6897278,415.1982727,,
Gabon,GAB,Current health expenditure per capita (current US$),SH.XPD.CHEX.PC.CD,,,,,,,,,,,,,,,,,,,,,,,,,,,,,,,,,,,,,,,,,127.9613724,125.8794708,137.9282532,174.4916077,191.2083893,199.664856,223.4990997,267.6078186,286.5473938,298.6123962,219.0719147,276.480011,237.5818787,275.0975342,244.757019,196.2439728,217.0552063,201.0585327,218.4752808,215.0191498,,
United Kingdom,GBR,Current health expenditure per capita (current US$),SH.XPD.CHEX.PC.CD,,,,,,,,,,,,,,,,,,,,,,,,,,,,,,,,,,,,,,,,,2029.524902,2101.836426,2386.212402,2796.341064,3384.605225,3552.643066,3842.675781,4450.128906,4301.116699,3841.878906,3904.50708,4156.577148,4222.084961,4344.668457,4740.110352,4477.285645,4067.175781,3966.05835,4270.221191,4312.88916,,
Georgia,GEO,Current health expenditure per capita (current US$),SH.XPD.CHEX.PC.CD,,,,,,,,,,,,,,,,,,,,,,,,,,,,,,,,,,,,,,,,,51.85281754,55.22227478,64.06044006,77.73462677,100.874176,126.4450836,145.0523071,186.6177826,268.1403503,257.0617676,271.0166626,296.6886902,326.4760742,334.6890564,345.2559815,275.8408203,301.5457764,285.9877014,312.7469177,291.1220398,,
Ghana,GHA,Current health expenditure per capita (current US$),SH.XPD.CHEX.PC.CD,,,,,,,,,,,,,,,,,,,,,,,,,,,,,,,,,,,,,,,,,16.60114098,19.63329506,20.25615883,23.8780365,26.37380219,40.9943161,47.44151688,56.52696991,63.90114212,63.79364777,73.89850616,98.95211029,86.2456131,108.4303589,80.82213593,80.59490204,66.85624695,68.02945709,76.83074188,75.28166199,,
Gibraltar,GIB,Current health expenditure per capita (current US$),SH.XPD.CHEX.PC.CD,,,,,,,,,,,,,,,,,,,,,,,,,,,,,,,,,,,,,,,,,,,,,,,,,,,,,,,,,,,,,,
Guinea,GIN,Current health expenditure per capita (current US$),SH.XPD.CHEX.PC.CD,,,,,,,,,,,,,,,,,,,,,,,,,,,,,,,,,,,,,,,,,23.25880432,22.10682106,25.11639214,25.97828102,26.85198975,19.9973259,16.37116814,22.65229225,23.32743073,24.11286354,23.04636955,24.67529106,24.29986,26.61382103,37.69287872,44.68756485,39.52141953,33.49687195,35.70616531,43.03782272,,
"Gambia, The",GMB,Current health expenditure per capita (current US$),SH.XPD.CHEX.PC.CD,,,,,,,,,,,,,,,,,,,,,,,,,,,,,,,,,,,,,,,,,50.86863708,42.06741714,40.10683441,32.37854767,35.62044907,38.13536453,41.04983521,44.29708099,50.54489899,43.181633,43.80532837,41.94842529,38.35943222,27.41661644,27.0407753,20.98540878,25.43909264,28.17404747,35.81452942,29.72580338,,
Guinea-Bissau,GNB,Current health expenditure per capita (current US$),SH.XPD.CHEX.PC.CD,,,,,,,,,,,,,,,,,,,,,,,,,,,,,,,,,,,,,,,,,21.97258759,22.55652237,21.6668129,25.36907578,33.14950943,34.49228668,33.5909462,38.92570114,46.37084961,41.68201065,38.65888214,46.01939011,38.86497116,47.39303589,66.8697052,53.94601822,58.17870712,56.28972626,61.23582077,62.57557678,,
Equatorial Guinea,GNQ,Current health expenditure per capita (current US$),SH.XPD.CHEX.PC.CD,,,,,,,,,,,,,,,,,,,,,,,,,,,,,,,,,,,,,,,,,41.02703094,58.39388657,73.83692169,108.553566,138.1389465,163.8336792,195.4193115,250.2749481,421.3156433,308.5909729,314.4091797,336.2060242,274.3368835,382.4620667,425.2958069,328.9506226,290.8769226,286.146759,310.5848694,254.891098,,
Greece,GRC,Current health expenditure per capita (current US$),SH.XPD.CHEX.PC.CD,,,,,,,,,,,,,,,,,,,,,,,,,,,,,,,,,,,,,,,,,885.4104004,1004.81543,1168.824097,1566.40979,1782.695923,1935.267578,2052.875488,2426.759521,2840.508545,2809.05957,2564.369385,2338.915039,1948.248535,1813.87793,1705.114502,1452.052002,1488.19812,1505.945923,1572.684204,1500.594971,,
Grenada,GRD,Current health expenditure per capita (current US$),SH.XPD.CHEX.PC.CD,,,,,,,,,,,,,,,,,,,,,,,,,,,,,,,,,,,,,,,,,270.9839172,283.4758301,322.0144043,300.3641968,308.148407,341.8997498,340.3971558,377.7578735,421.8442993,396.1437683,393.3341065,423.1154175,433.5095215,438.2797241,399.5325317,422.7217712,427.3516846,472.7640381,479.8117676,534.2744141,,
Greenland,GRL,Current health expenditure per capita (current US$),SH.XPD.CHEX.PC.CD,,,,,,,,,,,,,,,,,,,,,,,,,,,,,,,,,,,,,,,,,,,,,,,,,,,,,,,,,,,,,,
Guatemala,GTM,Current health expenditure per capita (current US$),SH.XPD.CHEX.PC.CD,,,,,,,,,,,,,,,,,,,,,,,,,,,,,,,,,,,,,,,,,83.95554352,100.3934326,107.955986,113.6128998,122.2627335,132.334137,148.7137756,158.3339233,174.7788696,168.1847839,173.7517853,189.2429047,198.4665527,196.1355896,213.942749,229.8061981,241.7825317,259.9125061,259.6201782,271.0212708,,
Guam,GUM,Current health expenditure per capita (current US$),SH.XPD.CHEX.PC.CD,,,,,,,,,,,,,,,,,,,,,,,,,,,,,,,,,,,,,,,,,,,,,,,,,,,,,,,,,,,,,,
Guyana,GUY,Current health expenditure per capita (current US$),SH.XPD.CHEX.PC.CD,,,,,,,,,,,,,,,,,,,,,,,,,,,,,,,,,,,,,,,,,63.88974762,61.65347672,66.68852234,69.84244537,76.36300659,87.04457092,100.0065002,127.5428772,140.1471252,151.0963898,162.6649628,184.6599579,199.4534454,208.7132416,213.4478455,224.3363495,233.5249481,264.5422669,301.4482727,325.8851624,,
High income,HIC,Current health expenditure per capita (current US$),SH.XPD.CHEX.PC.CD,,,,,,,,,,,,,,,,,,,,,,,,,,,,,,,,,,,,,,,,,2398.03919,2486.004756,2692.436622,3057.175506,3368.966012,3549.878235,3740.364447,4059.560904,4344.704005,4402.728097,4541.95297,4881.889882,4897.3038,4933.19412,5077.678517,4913.832782,5078.866563,5261.676941,5529.464779,5635.453582,,
"Hong Kong SAR, China",HKG,Current health expenditure per capita (current US$),SH.XPD.CHEX.PC.CD,,,,,,,,,,,,,,,,,,,,,,,,,,,,,,,,,,,,,,,,,,,,,,,,,,,,,,,,,,,,,,
Honduras,HND,Current health expenditure per capita (current US$),SH.XPD.CHEX.PC.CD,,,,,,,,,,,,,,,,,,,,,,,,,,,,,,,,,,,,,,,,,68.51774597,67.19782257,70.8179245,79.79921722,83.47966766,98.11772919,112.4480057,127.9885101,149.6478577,161.0005493,166.1611633,183.6016846,185.6259155,178.2416534,174.5997925,172.2920532,180.1677551,171.5148926,180.889801,187.5543366,,
Heavily indebted poor countries (HIPC),HPC,Current health expenditure per capita (current US$),SH.XPD.CHEX.PC.CD,,,,,,,,,,,,,,,,,,,,,,,,,,,,,,,,,,,,,,,,,17.7313041,16.79579561,17.56481291,20.16847602,23.14234538,26.16889064,30.26686227,35.05653538,39.45335488,40.13265233,41.90646143,47.71499601,47.05567998,50.99649279,51.35913324,50.79878269,50.78950811,52.64368038,47.21455209,46.28114754,,
Croatia,HRV,Current health expenditure per capita (current US$),SH.XPD.CHEX.PC.CD,,,,,,,,,,,,,,,,,,,,,,,,,,,,,,,,,,,,,,,,,371.0621338,388.3248901,386.4440918,512.1520996,634.6203003,727.1310425,816.0170288,1041.034424,1258.872437,1187.545288,1126.373657,1132.498901,1029.971191,889.944519,909.3716431,795.520813,840.9050293,902.6252441,1014.222351,1040.085693,,
Haiti,HTI,Current health expenditure per capita (current US$),SH.XPD.CHEX.PC.CD,,,,,,,,,,,,,,,,,,,,,,,,,,,,,,,,,,,,,,,,,29.78231049,26.90669823,21.99154663,18.31630516,23.67709351,24.89042091,28.71922302,37.11300278,39.96041489,40.94065857,54.9171524,75.70629883,73.7585144,58.3646965,64.02371216,67.40187836,59.13440323,62.79301834,63.13831329,56.99440002,,
Hungary,HUN,Current health expenditure per capita (current US$),SH.XPD.CHEX.PC.CD,,,,,,,,,,,,,,,,,,,,,,,,,,,,,,,,,,,,,,,,,313.1085815,359.6974793,473.1278381,682.8656616,798.4536133,895.2033081,893.2030029,1003.258179,1117.202271,943.6876831,983.1108398,1063.432251,961.1383667,990.6311646,1006.156494,870.5194092,914.1935425,985.7990112,1074.017578,1062.394165,,
IBRD only,IBD,Current health expenditure per capita (current US$),SH.XPD.CHEX.PC.CD,,,,,,,,,,,,,,,,,,,,,,,,,,,,,,,,,,,,,,,,,77.74861409,78.63585941,77.17839857,85.56269159,99.58240449,117.4167409,136.5799009,165.0148753,198.71978,203.7565466,234.5776987,270.4691972,287.7132363,307.2487408,313.7478043,298.5867783,294.6470658,324.7630724,341.9983563,353.3604264,,
IDA & IBRD total,IBT,Current health expenditure per capita (current US$),SH.XPD.CHEX.PC.CD,,,,,,,,,,,,,,,,,,,,,,,,,,,,,,,,,,,,,,,,,65.03231031,65.48458711,64.18377777,71.52038506,82.89613138,97.42310177,113.1596248,135.8976668,162.6309601,165.9825941,189.6925431,217.6685035,230.6930659,246.7403094,251.7461274,239.4657195,236.3005259,258.078611,269.682922,277.5359751,,
IDA total,IDA,Current health expenditure per capita (current US$),SH.XPD.CHEX.PC.CD,,,,,,,,,,,,,,,,,,,,,,,,,,,,,,,,,,,,,,,,,16.72006042,16.19570542,17.01965936,20.95943374,23.59653488,27.29201721,32.11243744,36.51041833,41.06147554,40.40542232,43.91278136,48.44313084,50.35837705,54.57993843,57.17125417,56.14890557,54.18289221,54.07216266,51.43297533,52.07628523,,
IDA blend,IDB,Current health expenditure per capita (current US$),SH.XPD.CHEX.PC.CD,,,,,,,,,,,,,,,,,,,,,,,,,,,,,,,,,,,,,,,,,19.19244673,18.25215479,18.64933339,26.37252486,29.37035117,35.38357334,43.17779672,47.68894938,52.28809215,47.74738473,53.5845385,58.1554458,63.20042697,69.50148628,73.94515094,70.06475996,65.50241711,62.03162295,60.75610691,62.10049972,,
Indonesia,IDN,Current health expenditure per capita (current US$),SH.XPD.CHEX.PC.CD,,,,,,,,,,,,,,,,,,,,,,,,,,,,,,,,,,,,,,,,,15.72359753,17.24096489,19.39154434,26.05935287,26.52274895,34.78797531,45.2936058,57.12649536,60.42224503,63.60499191,87.14134216,108.9061585,107.6636353,103.9830856,103.5038681,97.4282608,107.6494904,111.4498673,111.6594696,120.1249619,,
IDA only,IDX,Current health expenditure per capita (current US$),SH.XPD.CHEX.PC.CD,,,,,,,,,,,,,,,,,,,,,,,,,,,,,,,,,,,,,,,,,15.4324297,15.12030488,16.19022788,18.2005974,20.65262138,23.16505126,26.46896895,30.80485893,35.32001244,36.64160609,38.80224452,43.30435613,43.56677384,46.51213976,48.13163147,48.67919833,47.95477723,49.7589628,46.39609324,46.67583023,,
Isle of Man,IMN,Current health expenditure per capita (current US$),SH.XPD.CHEX.PC.CD,,,,,,,,,,,,,,,,,,,,,,,,,,,,,,,,,,,,,,,,,,,,,,,,,,,,,,,,,,,,,,
India,IND,Current health expenditure per capita (current US$),SH.XPD.CHEX.PC.CD,,,,,,,,,,,,,,,,,,,,,,,,,,,,,,,,,,,,,,,,,18.50239372,19.79767799,20.23548126,21.99779892,25.06458473,27.66702271,29.56233788,35.85623932,37.88212204,38.30339432,45.12977219,48.60390472,48.94621658,56.11839676,57.07431793,58.91690063,60.60255051,57.55659103,60.26567459,63.74832153,,
Not classified,INX,Current health expenditure per capita (current US$),SH.XPD.CHEX.PC.CD,,,,,,,,,,,,,,,,,,,,,,,,,,,,,,,,,,,,,,,,,,,,,,,,,,,,,,,,,,,,,,
Ireland,IRL,Current health expenditure per capita (current US$),SH.XPD.CHEX.PC.CD,,,,,,,,,,,,,,,,,,,,,,,,,,,,,,,,,,,,,,,,,1564.837402,1823.734741,2200.357422,2910.932129,3483.160645,3938.191162,4147.132324,4858.64502,5638.779297,5502.887695,5133.455078,5558.296875,5222.044922,5328.579102,5329.980469,4561.38916,4709.168457,5010.256348,5484.221191,5428.588867,,
"Iran, Islamic Rep.",IRN,Current health expenditure per capita (current US$),SH.XPD.CHEX.PC.CD,,,,,,,,,,,,,,,,,,,,,,,,,,,,,,,,,,,,,,,,,80.85904694,94.61769867,105.7711716,116.6152039,142.404541,174.8438721,199.8020172,248.3849487,302.4498291,371.420105,445.6636353,530.7138062,525.5848999,418.8852844,387.3760986,377.8374939,458.2581787,481.5763855,484.2865906,470.4346008,,
Iraq,IRQ,Current health expenditure per capita (current US$),SH.XPD.CHEX.PC.CD,,,,,,,,,,,,,,,,,,,,,,,,,,,,,,,,,,,,,,,,,,,,28.1536808,53.49328613,53.76188278,57.49062729,98.87436676,140.7553864,145.2253571,150.45607,168.7490234,183.9160919,199.5162201,190.6933136,156.8372192,159.7389526,214.3563385,239.4129791,253.3146362,,
Iceland,ISL,Current health expenditure per capita (current US$),SH.XPD.CHEX.PC.CD,,,,,,,,,,,,,,,,,,,,,,,,,,,,,,,,,,,,,,,,,2873.848145,2557.269531,3091.28833,3861.736084,4430.375,5111.64209,4986.397949,5926.807129,4851.421387,3652.208496,3589.555664,3860.030029,3705.946045,4029.233154,4474.549316,4280.490723,5068.100098,6144.546387,6565.879395,6274.959473,,
Israel,ISR,Current health expenditure per capita (current US$),SH.XPD.CHEX.PC.CD,,,,,,,,,,,,,,,,,,,,,,,,,,,,,,,,,,,,,,,,,1513.944702,1559.083252,1403.31604,1433.670776,1488.161377,1555.036011,1593.609863,1799.732544,2144.821533,2039.003052,2234.949707,2437.046143,2402.915771,2678.361816,2819.571777,2670.466797,2818.505371,3118.433594,3329.23291,3456.386963,,
Italy,ITA,Current health expenditure per capita (current US$),SH.XPD.CHEX.PC.CD,,,,,,,,,,,,,,,,,,,,,,,,,,,,,,,,,,,,,,,,,1524.239624,1586.657104,1762.537598,2163.025391,2565.627441,2677.552246,2832.697754,3092.558838,3504.111572,3337.750732,3217.682861,3392.012695,3086.303223,3149.242676,3154.275879,2675.671631,2699.73291,2809.721436,3000.710938,2905.5,,
Jamaica,JAM,Current health expenditure per capita (current US$),SH.XPD.CHEX.PC.CD,,,,,,,,,,,,,,,,,,,,,,,,,,,,,,,,,,,,,,,,,191.4724731,177.2637482,171.2720642,146.8826294,179.3847046,186.5417328,182.2562256,246.0103607,276.5376892,223.1118012,249.0825806,267.7389832,254.507782,247.2129669,249.7215576,276.0567322,276.1369019,311.7326355,319.8771668,327.4035339,,
Jordan,JOR,Current health expenditure per capita (current US$),SH.XPD.CHEX.PC.CD,,,,,,,,,,,,,,,,,,,,,,,,,,,,,,,,,,,,,,,,,159.147644,170.0458069,174.0001984,171.0476685,184.5114899,193.5009613,202.4481354,227.0579071,293.3645935,328.3468628,305.2936096,313.9347839,305.7170715,289.8249817,297.8348999,310.6847229,298.8091736,337.7554016,335.2105713,334.04422,,
Japan,JPN,Current health expenditure per capita (current US$),SH.XPD.CHEX.PC.CD,,,,,,,,,,,,,,,,,,,,,,,,,,,,,,,,,,,,,,,,,2740.674805,2479.811523,2404.646484,2642.227051,2875.933594,2883.300049,2754.377441,2772.697021,3213.695557,3686.154297,4060.490967,5087.356445,5212.183594,4336.106934,4099.280273,3733.376465,4174.422363,4121.036621,4256.095703,4360.473633,,
Kazakhstan,KAZ,Current health expenditure per capita (current US$),SH.XPD.CHEX.PC.CD,,,,,,,,,,,,,,,,,,,,,,,,,,,,,,,,,,,,,,,,,50.99633026,51.56954956,59.46535873,76.02937317,112.7056961,144.7014008,177.0089569,180.5011597,256.544281,251.4995422,249.2689209,303.9808655,377.1272888,370.0940247,380.6600952,319.0499268,263.4837341,281.6177673,275.8546143,272.9652405,,
Kenya,KEN,Current health expenditure per capita (current US$),SH.XPD.CHEX.PC.CD,,,,,,,,,,,,,,,,,,,,,,,,,,,,,,,,,,,,,,,,,20.51720238,21.25755501,21.68992996,25.03597069,27.09413719,30.47352028,40.28915024,49.51648712,54.57352448,54.56043243,58.21165848,56.46788025,63.82013702,66.80593872,71.83386993,69.77667999,72.51428223,65.11084747,73.54042816,83.41162872,,
Kyrgyz Republic,KGZ,Current health expenditure per capita (current US$),SH.XPD.CHEX.PC.CD,,,,,,,,,,,,,,,,,,,,,,,,,,,,,,,,,,,,,,,,,12.29036808,13.16161728,14.77255917,22.32097054,27.23155212,36.11393356,45.97068405,50.84462738,63.82300568,60.6509285,61.45378494,79.82953644,99.98524475,104.7845841,94.01564789,80.11972809,71.92367554,76.98123169,65.73706055,62.14477539,,
Cambodia,KHM,Current health expenditure per capita (current US$),SH.XPD.CHEX.PC.CD,,,,,,,,,,,,,,,,,,,,,,,,,,,,,,,,,,,,,,,,,19.732481,22.56290054,24.55882645,25.21897125,28.98139381,32.4956665,33.02710342,30.96165848,49.21836472,55.96894836,54.29156113,66.20181274,69.04489136,71.99204254,73.28150177,72.03400421,77.65436554,79.27455139,92.90358734,113.3104401,,
Kiribati,KIR,Current health expenditure per capita (current US$),SH.XPD.CHEX.PC.CD,,,,,,,,,,,,,,,,,,,,,,,,,,,,,,,,,,,,,,,,,68.88991547,90.62192535,98.50437927,108.2701035,140.2951965,139.9230957,134.9060059,156.480072,200.8367004,176.545578,139.495224,148.8027039,154.0032349,162.524765,162.9607697,123.3463974,147.7773132,175.0655212,202.2019043,172.3057404,,
St. Kitts and Nevis,KNA,Current health expenditure per capita (current US$),SH.XPD.CHEX.PC.CD,,,,,,,,,,,,,,,,,,,,,,,,,,,,,,,,,,,,,,,,,458.5593872,451.6802368,473.8865356,487.4154968,491.5245056,551.9799194,678.223877,692.0773926,856.4127197,842.4627075,828.4822388,872.8114624,829.8215942,877.5029907,891.9312744,958.0848999,1059.45752,1072.096558,1004.723022,1087.801025,,
"Korea, Rep.",KOR,Current health expenditure per capita (current US$),SH.XPD.CHEX.PC.CD,,,,,,,,,,,,,,,,,,,,,,,,,,,,,,,,,,,,,,,,,474.2362366,508.3613281,544.0371704,644.1321411,717.2919312,886.2874146,1064.65271,1223.018433,1151.716064,1105.790527,1365.912842,1512.532715,1565.656006,1700.952881,1899.138916,1919.037354,2033.851196,2257.517578,2543.596436,2624.533203,,
Kuwait,KWT,Current health expenditure per capita (current US$),SH.XPD.CHEX.PC.CD,,,,,,,,,,,,,,,,,,,,,,,,,,,,,,,,,,,,,,,,,406.4113464,528.6975098,557.5675659,611.3574219,636.68396,716.5508423,779.2583008,882.0713501,1067.61731,1016.609375,1033.383789,1134.392944,1212.570435,1228.76709,1285.00769,1259.18457,1308.106201,1384.578247,1733.809082,1758.674194,,
Latin America & Caribbean (excluding high income),LAC,Current health expenditure per capita (current US$),SH.XPD.CHEX.PC.CD,,,,,,,,,,,,,,,,,,,,,,,,,,,,,,,,,,,,,,,,,275.8466947,268.5772792,230.0850097,240.7564427,272.7478155,330.5560551,385.8435492,461.5650895,530.280553,525.1852817,624.4675245,710.5302567,705.7157633,734.8520062,740.55012,655.4064623,615.2424086,707.2671102,657.6305106,643.1425559,,
Lao PDR,LAO,Current health expenditure per capita (current US$),SH.XPD.CHEX.PC.CD,,,,,,,,,,,,,,,,,,,,,,,,,,,,,,,,,,,,,,,,,14.38795185,14.76590061,13.1817894,17.97390747,16.57514763,17.68591881,19.61174774,25.21520042,27.20223045,36.2555275,34.99440384,27.4563961,32.84053421,43.96371841,45.96818924,52.50928497,54.87627792,61.99768066,57.70953369,68.22131348,,
Lebanon,LBN,Current health expenditure per capita (current US$),SH.XPD.CHEX.PC.CD,,,,,,,,,,,,,,,,,,,,,,,,,,,,,,,,,,,,,,,,,479.6019898,459.4657898,418.0903015,385.026947,370.4224548,345.3574219,400.7099915,445.7762451,477.757019,515.3891602,577.359375,627.6422119,556.7399902,560.3695068,577.8790283,566.7996826,603.6184692,606.8374023,695.0587769,663.0510864,,
Liberia,LBR,Current health expenditure per capita (current US$),SH.XPD.CHEX.PC.CD,,,,,,,,,,,,,,,,,,,,,,,,,,,,,,,,,,,,,,,,,13.01916981,10.75422287,9.05239582,8.48155403,26.17549706,28.4993782,28.30880356,41.98614502,41.89510345,44.32735443,45.36038589,54.93714142,56.66407394,59.36724091,65.25737,73.450737,69.98904419,64.49087524,61.22189713,52.56287003,,
Libya,LBY,Current health expenditure per capita (current US$),SH.XPD.CHEX.PC.CD,,,,,,,,,,,,,,,,,,,,,,,,,,,,,,,,,,,,,,,,,244.6750031,253.9099121,180.9859467,189.6885071,201.769455,212.0568085,234.7842255,275.479126,321.2136231,355.186615,399.019165,309.8786621,,,,,,,,,,
St. Lucia,LCA,Current health expenditure per capita (current US$),SH.XPD.CHEX.PC.CD,,,,,,,,,,,,,,,,,,,,,,,,,,,,,,,,,,,,,,,,,289.2843018,288.7567444,304.0297852,322.109314,314.0553284,337.5200806,392.9121399,439.9048462,427.1851502,426.1854553,430.2377625,461.7883301,454.574707,482.4346314,468.1247864,462.4011536,509.0156555,514.5582275,501.5275574,502.1817017,,
Latin America & Caribbean,LCN,Current health expenditure per capita (current US$),SH.XPD.CHEX.PC.CD,,,,,,,,,,,,,,,,,,,,,,,,,,,,,,,,,,,,,,,,,285.3748181,279.5130467,238.190913,246.5567266,280.5756832,337.641498,401.2820337,478.5168866,548.6754732,552.3578193,650.7131436,725.9691922,727.8737236,751.9628136,756.7656121,677.2694344,635.5099461,726.9075079,682.9234565,662.5800667,,
Least developed countries: UN classification,LDC,Current health expenditure per capita (current US$),SH.XPD.CHEX.PC.CD,,,,,,,,,,,,,,,,,,,,,,,,,,,,,,,,,,,,,,,,,12.25815558,12.08680031,13.03709235,14.95246238,17.65252533,19.82613597,23.33435129,27.58371971,32.20078834,33.18161726,34.4493493,39.25397195,39.93753177,43.74378715,45.73954726,46.20569468,45.21258407,47.65980279,42.95640003,42.70030809,,
Low income,LIC,Current health expenditure per capita (current US$),SH.XPD.CHEX.PC.CD,,,,,,,,,,,,,,,,,,,,,,,,,,,,,,,,,,,,,,,,,15.4581974,14.01338912,14.90700434,16.82977125,19.55500769,22.38111621,26.44666347,31.55075074,35.71186072,36.74217006,37.72315606,41.15277676,40.00343056,42.69827374,43.9361714,44.72400462,43.20807816,44.87674847,35.92605298,34.8371018,,
Liechtenstein,LIE,Current health expenditure per capita (current US$),SH.XPD.CHEX.PC.CD,,,,,,,,,,,,,,,,,,,,,,,,,,,,,,,,,,,,,,,,,,,,,,,,,,,,,,,,,,,,,,
Sri Lanka,LKA,Current health expenditure per capita (current US$),SH.XPD.CHEX.PC.CD,,,,,,,,,,,,,,,,,,,,,,,,,,,,,,,,,,,,,,,,,43.71691132,41.32370377,42.84844971,42.36933517,50.92406845,57.3034668,65.39842987,73.7281723,92.90744781,100.3218689,108.2751846,118.9739685,113.4489822,137.6435242,137.6710053,149.9631805,151.4750214,148.78862,162.1083984,160.6969605,,
Lower middle income,LMC,Current health expenditure per capita (current US$),SH.XPD.CHEX.PC.CD,,,,,,,,,,,,,,,,,,,,,,,,,,,,,,,,,,,,,,,,,24.7148339,26.07381444,26.88794285,30.44467422,34.37845052,39.9514377,45.7712007,54.52099116,61.77137144,63.49257499,73.58395456,83.59663622,87.25978562,90.0805259,90.02034634,88.12956949,90.0267062,89.22643336,92.5421685,96.50192029,,
Low & middle income,LMY,Current health expenditure per capita (current US$),SH.XPD.CHEX.PC.CD,,,,,,,,,,,,,,,,,,,,,,,,,,,,,,,,,,,,,,,,,60.67108153,60.73255618,59.83807511,67.07498573,77.53170648,91.26013596,105.4519022,126.58062,151.0262099,155.0407447,177.9480684,206.7551511,219.7659142,235.9706502,241.2272345,230.2215951,227.3780101,248.013245,258.9087355,267.445875,,
Lesotho,LSO,Current health expenditure per capita (current US$),SH.XPD.CHEX.PC.CD,,,,,,,,,,,,,,,,,,,,,,,,,,,,,,,,,,,,,,,,,23.37423134,27.73780632,23.51197433,31.49400139,40.47373199,40.76879501,48.55776596,65.21094513,68.66407776,80.84660339,97.68080139,125.7211609,117.2889404,115.7851791,113.3366242,104.1573792,89.53188324,110.8682709,124.6897278,124.193634,,
Late-demographic dividend,LTE,Current health expenditure per capita (current US$),SH.XPD.CHEX.PC.CD,,,,,,,,,,,,,,,,,,,,,,,,,,,,,,,,,,,,,,,,,88.24584196,88.99907794,94.5726876,105.511609,123.8038428,148.319835,175.5535208,216.7392833,273.9261695,285.224786,325.1380637,385.0366773,413.1385262,453.1265018,474.5978704,445.9103978,449.03428,505.3706168,550.5081775,575.4738885,,
Lithuania,LTU,Current health expenditure per capita (current US$),SH.XPD.CHEX.PC.CD,,,,,,,,,,,,,,,,,,,,,,,,,,,,,,,,,,,,,,,,,217.1761322,218.8180237,254.3668823,338.8630676,366.9596863,438.9326782,536.0573731,704.2931519,936.5093384,864.7363892,805.2244873,925.4716187,896.9370728,958.9271851,1021.232971,920.1997681,988.5279541,1083.303345,1249.031006,1369.979492,,
Luxembourg,LUX,Current health expenditure per capita (current US$),SH.XPD.CHEX.PC.CD,,,,,,,,,,,,,,,,,,,,,,,,,,,,,,,,,,,,,,,,,2901.199951,3109.201416,3600.867432,4607.402832,5610.353516,5818.145996,6070.73584,6671.265137,7578.749512,7670.59375,7459.835449,7174.739258,6029.475098,6356.644531,6547.034668,5421.932129,5475.139648,5713.118652,6227.083984,6220.741211,,
Latvia,LVA,Current health expenditure per capita (current US$),SH.XPD.CHEX.PC.CD,,,,,,,,,,,,,,,,,,,,,,,,,,,,,,,,,,,,,,,,,181.5707245,205.0204773,237.295166,280.5087891,393.2980652,440.8097534,552.3015747,775.1915283,913.5214844,744.6616211,689.0772095,764.5917358,745.5174561,807.1300049,856.7665405,775.8643189,874.7977295,932.5015869,1101.492554,1166.797852,,
"Macao SAR, China",MAC,Current health expenditure per capita (current US$),SH.XPD.CHEX.PC.CD,,,,,,,,,,,,,,,,,,,,,,,,,,,,,,,,,,,,,,,,,,,,,,,,,,,,,,,,,,,,,,
St. Martin (French part),MAF,Current health expenditure per capita (current US$),SH.XPD.CHEX.PC.CD,,,,,,,,,,,,,,,,,,,,,,,,,,,,,,,,,,,,,,,,,,,,,,,,,,,,,,,,,,,,,,
Morocco,MAR,Current health expenditure per capita (current US$),SH.XPD.CHEX.PC.CD,,,,,,,,,,,,,,,,,,,,,,,,,,,,,,,,,,,,,,,,,53.68618393,55.9498291,63.52367401,79.60365295,93.63453674,97.53405762,110.1037979,137.5432739,155.5387726,169.9503632,169.009491,177.2804108,169.9576721,180.2019806,169.9295349,147.8561859,154.1124115,161.3648377,174.7818451,174.2237701,,
Monaco,MCO,Current health expenditure per capita (current US$),SH.XPD.CHEX.PC.CD,,,,,,,,,,,,,,,,,,,,,,,,,,,,,,,,,,,,,,,,,1408.094238,1431.133911,1560.809448,2214.794922,2570.476807,2628.361084,2706.862793,3039.256592,3573.772705,3523.403564,3509.566162,3677.650635,3520.154541,3818.140137,3947.679199,3366.150146,2765.32959,2751.866943,2968.849121,2905.84375,,
Moldova,MDA,Current health expenditure per capita (current US$),SH.XPD.CHEX.PC.CD,,,,,,,,,,,,,,,,,,,,,,,,,,,,,,,,,,,,,,,,,21.37988472,25.39859009,33.9242363,38.43836975,64.60714722,79.33213043,100.1081619,135.4436646,185.5611572,208.5300446,198.2889404,214.9824677,223.6189575,231.6622925,230.7698212,186.4364319,171.1847687,243.9454041,276.4714356,284.3071289,,
Madagascar,MDG,Current health expenditure per capita (current US$),SH.XPD.CHEX.PC.CD,,,,,,,,,,,,,,,,,,,,,,,,,,,,,,,,,,,,,,,,,13.12315464,15.91025352,15.86859512,17.50807953,14.94954586,16.62431908,17.19594765,19.71443176,22.02349281,20.65012169,21.9508419,23.57985878,19.80637932,20.23029709,23.50832939,23.23208427,25.02086639,24.96243286,22.33701324,19.84997559,,
Maldives,MDV,Current health expenditure per capita (current US$),SH.XPD.CHEX.PC.CD,,,,,,,,,,,,,,,,,,,,,,,,,,,,,,,,,,,,,,,,,221.9207306,230.1708679,247.301651,235.6195221,294.9519043,321.3184204,387.1233215,462.9902344,758.7109985,669.8102417,600.6443481,577.6629639,630.1425171,645.0605469,672.1196289,785.0316162,946.8111572,885.0842896,786.4376831,854.3706055,,
Middle East & North Africa,MEA,Current health expenditure per capita (current US$),SH.XPD.CHEX.PC.CD,,,,,,,,,,,,,,,,,,,,,,,,,,,,,,,,,,,,,,,,,147.9784783,154.6013306,152.9810256,149.0487242,163.3398797,181.7018288,203.6084457,239.3518531,285.1436617,311.6807852,337.7169392,384.6261709,405.4793355,424.3562588,444.9891273,421.8321949,450.1054388,478.3070494,502.9113669,507.3119209,,
Mexico,MEX,Current health expenditure per capita (current US$),SH.XPD.CHEX.PC.CD,,,,,,,,,,,,,,,,,,,,,,,,,,,,,,,,,,,,,,,,,318.4615173,363.673584,385.0985107,411.4224243,445.6203919,483.0953674,512.8331909,556.0402832,570.8305054,490.5658569,531.8894653,563.1089478,580.2183838,623.0515747,606.9298096,550.3400269,485.624176,506.892334,521.0083008,540.3723145,,
Marshall Islands,MHL,Current health expenditure per capita (current US$),SH.XPD.CHEX.PC.CD,,,,,,,,,,,,,,,,,,,,,,,,,,,,,,,,,,,,,,,,,431.5645752,387.9553528,362.4295349,351.1767578,421.3297424,544.329773,560.8032227,477.0515747,462.4761353,438.0761108,449.9428406,454.5555725,471.6871338,491.7562256,475.4370728,545.7212524,604.848999,587.0836792,646.1723023,664.3184815,,
Middle income,MIC,Current health expenditure per capita (current US$),SH.XPD.CHEX.PC.CD,,,,,,,,,,,,,,,,,,,,,,,,,,,,,,,,,,,,,,,,,64.06146826,64.28712666,63.51064256,71.23410978,82.41180176,97.15801896,112.3462621,135.0322268,161.467808,165.9463273,191.0713638,222.5218998,237.1773608,254.1810827,260.1456431,248.3222554,244.7109972,267.8758347,281.1046455,291.04644,,
North Macedonia,MKD,Current health expenditure per capita (current US$),SH.XPD.CHEX.PC.CD,,,,,,,,,,,,,,,,,,,,,,,,,,,,,,,,,,,,,,,,,164.4736481,152.1587219,175.036026,217.2165527,233.9918213,233.1067352,245.6707306,265.3627014,314.1453247,296.6654053,305.2322998,329.9504395,310.7749939,350.2098999,343.8786621,306.9151001,327.4913635,358.3068848,399.0970764,436.8871765,,
Mali,MLI,Current health expenditure per capita (current US$),SH.XPD.CHEX.PC.CD,,,,,,,,,,,,,,,,,,,,,,,,,,,,,,,,,,,,,,,,,14.7887373,13.90679646,16.81324387,19.8693943,23.00780487,25.40553093,28.53666687,31.38578033,35.15919876,36.67557144,33.23125458,33.62852859,29.215271,31.93977737,38.01742554,30.89645576,29.46280289,30.49655342,33.39861298,34.28177643,,
Malta,MLT,Current health expenditure per capita (current US$),SH.XPD.CHEX.PC.CD,,,,,,,,,,,,,,,,,,,,,,,,,,,,,,,,,,,,,,,,,647.1015015,685.9840088,830.6463013,1074.09314,1223.857422,1379.686401,1474.484497,1596.123169,1751.165039,1677.362305,1733.668823,1960.061157,1898.60144,2121.082275,2456.434814,2243.467041,2321.15332,2551.716064,2753.510986,2531.910889,,
Myanmar,MMR,Current health expenditure per capita (current US$),SH.XPD.CHEX.PC.CD,,,,,,,,,,,,,,,,,,,,,,,,,,,,,,,,,,,,,,,,,4.33537483,4.48454952,6.86361122,6.37247419,6.79912138,7.41623688,8.21358681,9.61486912,14.25486851,18.11137199,19.6023674,26.56099129,36.11348343,36.53030014,52.62075806,61.70107269,57.93581772,57.859272,59.20605469,60.01587296,,
Middle East & North Africa (excluding high income),MNA,Current health expenditure per capita (current US$),SH.XPD.CHEX.PC.CD,,,,,,,,,,,,,,,,,,,,,,,,,,,,,,,,,,,,,,,,,80.4251513,85.1740561,86.13963009,83.00621901,95.45374511,106.9949792,120.2061633,146.9916901,180.1037233,201.4704519,223.7177674,252.6832262,261.4495085,252.0427286,251.4762516,238.4980718,261.4997791,262.7691836,272.1235215,275.3951836,,
Montenegro,MNE,Current health expenditure per capita (current US$),SH.XPD.CHEX.PC.CD,,,,,,,,,,,,,,,,,,,,,,,,,,,,,,,,,,,,,,,,,,,,,,,,,,,,578.4375,541.6729736,603.7141113,585.7900391,583.2915039,601.9786987,616.2849121,731.4810791,735.1588745,,
Mongolia,MNG,Current health expenditure per capita (current US$),SH.XPD.CHEX.PC.CD,,,,,,,,,,,,,,,,,,,,,,,,,,,,,,,,,,,,,,,,,27.00856018,26.48761559,29.65744781,26.50799942,33.172966,37.50867462,50.02914047,66.53733063,97.36168671,76.45706177,98.84479523,134.7506256,167.7624207,177.5317078,173.6838226,166.0827637,161.9085999,146.9620819,159.3799133,163.441864,,
Northern Mariana Islands,MNP,Current health expenditure per capita (current US$),SH.XPD.CHEX.PC.CD,,,,,,,,,,,,,,,,,,,,,,,,,,,,,,,,,,,,,,,,,,,,,,,,,,,,,,,,,,,,,,
Mozambique,MOZ,Current health expenditure per capita (current US$),SH.XPD.CHEX.PC.CD,,,,,,,,,,,,,,,,,,,,,,,,,,,,,,,,,,,,,,,,,7.08691597,8.61284161,10.01789761,11.07119751,14.07469845,18.23710632,17.79965973,18.95361328,23.89216423,27.08139992,25.66654205,29.74784279,34.50271606,40.67847824,42.67788315,39.61871719,30.76436615,35.80190659,40.72650528,39.46094131,,
Mauritania,MRT,Current health expenditure per capita (current US$),SH.XPD.CHEX.PC.CD,,,,,,,,,,,,,,,,,,,,,,,,,,,,,,,,,,,,,,,,,22.85624313,23.078022,25.60134125,28.94956589,30.71713829,33.04816818,34.03960037,39.0368576,47.59680939,43.21328354,42.46692276,46.50239563,48.08863068,54.26546097,58.04791641,55.98908615,47.58857727,52.66540146,57.29694748,57.88484573,,
Mauritius,MUS,Current health expenditure per capita (current US$),SH.XPD.CHEX.PC.CD,,,,,,,,,,,,,,,,,,,,,,,,,,,,,,,,,,,,,,,,,118.9770737,119.4685364,135.9414368,162.0018463,189.9288025,197.6750488,209.1485443,235.8505707,321.8163147,310.1556091,367.1207886,396.6121521,398.1218872,452.455658,559.4445801,529.161377,553.2136231,609.1685181,656.6224976,685.9456177,,
Malawi,MWI,Current health expenditure per capita (current US$),SH.XPD.CHEX.PC.CD,,,,,,,,,,,,,,,,,,,,,,,,,,,,,,,,,,,,,,,,,7.47427797,6.19080305,11.26799107,12.50175095,16.20174026,17.5325985,21.31405258,25.46150398,33.32744598,36.23827744,34.66256714,40.08781815,33.20030212,40.3452301,36.05779648,35.68380356,34.72793579,38.38741684,37.43349457,30.40028763,,
Malaysia,MYS,Current health expenditure per capita (current US$),SH.XPD.CHEX.PC.CD,,,,,,,,,,,,,,,,,,,,,,,,,,,,,,,,,,,,,,,,,110.7465973,114.0321503,121.0818405,142.1013794,154.2668457,163.0950012,202.2008667,232.9589081,266.9122315,249.0953674,290.1766052,349.5854492,379.3654785,390.8279419,425.9501038,380.110321,361.8544617,380.0152283,426.4685974,436.61203,,
North America,NAC,Current health expenditure per capita (current US$),SH.XPD.CHEX.PC.CD,,,,,,,,,,,,,,,,,,,,,,,,,,,,,,,,,,,,,,,,,4294.735943,4616.423389,5011.739435,5420.5301,5785.281248,6143.742002,6529.37667,6889.649173,7112.954272,7332.927399,7608.807329,7814.164536,8059.572317,8214.550605,8563.774703,8915.797626,9257.696039,9573.807895,9955.470149,10317.57002,,
Namibia,NAM,Current health expenditure per capita (current US$),SH.XPD.CHEX.PC.CD,,,,,,,,,,,,,,,,,,,,,,,,,,,,,,,,,,,,,,,,,209.9229584,185.4050446,176.7079163,259.2511292,352.8094177,380.7490845,410.65448,466.2352905,412.3946838,383.7663269,517.328186,562.7150879,550.6506348,488.7659302,459.9602966,488.7356567,423.8866272,468.0405579,464.4840698,427.2562256,,
New Caledonia,NCL,Current health expenditure per capita (current US$),SH.XPD.CHEX.PC.CD,,,,,,,,,,,,,,,,,,,,,,,,,,,,,,,,,,,,,,,,,,,,,,,,,,,,,,,,,,,,,,
Niger,NER,Current health expenditure per capita (current US$),SH.XPD.CHEX.PC.CD,,,,,,,,,,,,,,,,,,,,,,,,,,,,,,,,,,,,,,,,,9.24822903,9.8859024,11.05829048,12.78417873,14.30790138,18.20683098,19.47831345,20.97223282,24.93084717,24.66652679,23.88655853,24.9305191,22.76792526,24.63416481,25.06328392,25.8883419,22.57229996,28.87143326,30.2661438,31.39763641,,
Nigeria,NGA,Current health expenditure per capita (current US$),SH.XPD.CHEX.PC.CD,,,,,,,,,,,,,,,,,,,,,,,,,,,,,,,,,,,,,,,,,17.73399544,18.60057449,18.20248985,39.43843842,44.63315582,54.55794525,66.54981232,70.0737381,81.22611237,69.0075531,76.75747681,84.46363068,92.61081696,102.5545425,107.9087524,97.80262756,79.37476349,73.88726044,66.5456543,71.46572876,,
Nicaragua,NIC,Current health expenditure per capita (current US$),SH.XPD.CHEX.PC.CD,,,,,,,,,,,,,,,,,,,,,,,,,,,,,,,,,,,,,,,,,52.80468369,57.04565811,57.37988281,61.17759705,65.40616608,72.34895325,77.98773193,92.37856293,107.4519959,111.0123215,115.9510269,123.3549881,131.8300629,138.3856812,154.2833862,163.2299347,169.6340332,180.0031128,173.4938355,160.7587891,,
Netherlands,NLD,Current health expenditure per capita (current US$),SH.XPD.CHEX.PC.CD,,,,,,,,,,,,,,,,,,,,,,,,,,,,,,,,,,,,,,,,,2028.159912,2175.732666,2544.809082,3244.355713,3689.429932,3823.501465,4080.232422,4696.138184,5382.472168,5282.73584,5191.728027,5562.096191,5284.686523,5532.687012,5601.902344,4676.562012,4753.674316,4934.575195,5336.984375,5335.30127,,
Norway,NOR,Current health expenditure per capita (current US$),SH.XPD.CHEX.PC.CD,,,,,,,,,,,,,,,,,,,,,,,,,,,,,,,,,,,,,,,,,2948.931641,3099.003418,3889.959473,4632.568359,5097.344238,5584.689453,5892.987305,6895.560547,7768.050293,7301.959961,7859.516113,8900.37207,8970.120117,9241.265625,9118.317383,7565.549805,7496.768555,7815.786621,8271.858398,8007.397949,,
Nepal,NPL,Current health expenditure per capita (current US$),SH.XPD.CHEX.PC.CD,,,,,,,,,,,,,,,,,,,,,,,,,,,,,,,,,,,,,,,,,8.55345249,10.52144337,10.71954441,11.33715725,13.22838974,14.45738506,13.94222355,17.40269661,19.09256172,21.09090996,29.98280716,34.68226624,34.3300705,36.02222443,43.16950226,47.8875351,48.31941986,50.3108139,51.13627625,53.24640274,,
Nauru,NRU,Current health expenditure per capita (current US$),SH.XPD.CHEX.PC.CD,,,,,,,,,,,,,,,,,,,,,,,,,,,,,,,,,,,,,,,,,456.1725769,346.1297607,298.3062134,275.3777466,219.6869965,335.6072388,371.0635376,597.4285889,819.3568726,579.8527832,628.5897217,673.3822022,884.7608032,856.9418335,793.5437622,1033.647095,1045.155273,1215.30481,967.1387329,1049.447021,,
New Zealand,NZL,Current health expenditure per capita (current US$),SH.XPD.CHEX.PC.CD,,,,,,,,,,,,,,,,,,,,,,,,,,,,,,,,,,,,,,,,,1053.891602,1049.376099,1246.313477,1610.937622,1983.658813,2295.177979,2301.891846,2699.412842,2839.178955,2700.977051,3216.223633,3625.772461,3805.97168,3954.666992,4143.788086,3582.272949,3746.476807,3940.390381,4037.462891,4211.046387,,
OECD members,OED,Current health expenditure per capita (current US$),SH.XPD.CHEX.PC.CD,,,,,,,,,,,,,,,,,,,,,,,,,,,,,,,,,,,,,,,,,2152.248601,2228.59186,2411.864624,2734.388109,3012.36994,3175.311108,3346.601792,3635.939048,3890.802084,3932.0738,4061.178884,4357.168273,4367.005854,4395.78632,4509.996578,4351.831737,4488.458515,4639.169289,4864.566925,4955.690629,,
Oman,OMN,Current health expenditure per capita (current US$),SH.XPD.CHEX.PC.CD,,,,,,,,,,,,,,,,,,,,,,,,,,,,,,,,,,,,,,,,,263.5175171,261.3163757,274.3796082,287.6635132,301.3301086,320.2121887,333.23526,384.2087097,445.4979248,476.1199036,529.0809326,533.0320435,559.0185547,584.1394043,710.041626,695.1911621,636.8901367,600.7910767,677.9642334,624.7444458,,
Other small states,OSS,Current health expenditure per capita (current US$),SH.XPD.CHEX.PC.CD,,,,,,,,,,,,,,,,,,,,,,,,,,,,,,,,,,,,,,,,,226.4962693,224.1586239,247.6155085,311.9286069,358.8609268,388.8718896,413.2362002,481.5781296,527.7151313,501.3965322,511.652658,553.1116509,551.3493976,597.7485944,636.7626876,595.7031494,608.696667,644.2138769,671.2960531,662.2735524,,
Pakistan,PAK,Current health expenditure per capita (current US$),SH.XPD.CHEX.PC.CD,,,,,,,,,,,,,,,,,,,,,,,,,,,,,,,,,,,,,,,,,15.58189678,13.58520222,15.18973827,14.45083237,15.63451576,19.88389397,24.99266052,28.44916725,25.72966003,24.05052757,25.25600243,27.06708336,27.04106331,29.97559357,34.69661713,35.98087311,39.42575455,42.25715637,42.87313461,39.49928665,,
Panama,PAN,Current health expenditure per capita (current US$),SH.XPD.CHEX.PC.CD,,,,,,,,,,,,,,,,,,,,,,,,,,,,,,,,,,,,,,,,,285.2023315,281.0045166,291.9536438,286.9850464,326.210907,304.4779968,350.7443848,427.2287293,489.8159485,530.0705566,572.6137085,616.9995117,703.8284302,790.7766724,885.6642456,928.0967407,1050.243652,1046.336792,1131.660156,1192.820801,,
Peru,PER,Current health expenditure per capita (current US$),SH.XPD.CHEX.PC.CD,,,,,,,,,,,,,,,,,,,,,,,,,,,,,,,,,,,,,,,,,84.07585907,89.9174881,98.33521271,98.09124756,106.0334702,124.2922592,137.2199249,159.6578064,192.4782562,209.9601288,241.9286957,264.8850403,309.8473816,323.1655273,334.6873169,312.7217102,313.5171814,334.8233337,365.8638306,370.1099548,,
Philippines,PHL,Current health expenditure per capita (current US$),SH.XPD.CHEX.PC.CD,,,,,,,,,,,,,,,,,,,,,,,,,,,,,,,,,,,,,,,,,32.77544785,28.20890999,27.33049011,32.2433815,34.17014694,46.57011795,54.86775589,65.47948456,77.18696594,79.30064392,91.60559845,98.64657593,112.5436096,122.7274628,109.599823,116.9888153,121.5583191,123.6938324,128.582489,142.0787659,,
Palau,PLW,Current health expenditure per capita (current US$),SH.XPD.CHEX.PC.CD,,,,,,,,,,,,,,,,,,,,,,,,,,,,,,,,,,,,,,,,,678.1436768,639.4606934,665.6698608,701.3195801,828.7808838,873.7719116,934.9093018,1003.277954,1000.245483,1037.087769,1183.166748,1176.575806,1392.048584,1535.45105,1678.012085,1805.98584,2031.472778,1947.853271,1726.661255,2355.695801,,
Papua New Guinea,PNG,Current health expenditure per capita (current US$),SH.XPD.CHEX.PC.CD,,,,,,,,,,,,,,,,,,,,,,,,,,,,,,,,,,,,,,,,,17.84069252,17.44826126,19.96473694,21.63471603,25.62973022,27.67082405,30.49430084,33.9405365,35.72151947,37.88201141,41.08378601,55.21439743,74.42443085,81.8216095,95.54537964,48.73184967,58.48953247,60.09675598,63.48856354,65.08071899,,
Poland,POL,Current health expenditure per capita (current US$),SH.XPD.CHEX.PC.CD,,,,,,,,,,,,,,,,,,,,,,,,,,,,,,,,,,,,,,,,,238.0044861,282.8210449,315.8314514,339.3352051,392.0033875,465.7001953,524.0974731,660.9246826,892.5968628,759.6057739,809.1994019,866.0946655,815.1418457,878.088501,911.2981567,803.9596558,813.4727783,909.578186,978.7356567,1014.038208,,
Pre-demographic dividend,PRE,Current health expenditure per capita (current US$),SH.XPD.CHEX.PC.CD,,,,,,,,,,,,,,,,,,,,,,,,,,,,,,,,,,,,,,,,,17.85123527,17.70139673,18.41867669,25.86827763,31.1121979,35.31713353,41.95715692,48.63007888,57.49773531,54.24965817,56.26221829,63.06224151,64.84212411,71.72881581,73.04969733,67.29325376,63.09875739,65.57909017,59.54957201,60.02097759,,
Puerto Rico,PRI,Current health expenditure per capita (current US$),SH.XPD.CHEX.PC.CD,,,,,,,,,,,,,,,,,,,,,,,,,,,,,,,,,,,,,,,,,,,,,,,,,,,,,,,,,,,,,,
"Korea, Dem. People's Rep.",PRK,Current health expenditure per capita (current US$),SH.XPD.CHEX.PC.CD,,,,,,,,,,,,,,,,,,,,,,,,,,,,,,,,,,,,,,,,,,,,,,,,,,,,,,,,,,,,,,
Portugal,PRT,Current health expenditure per capita (current US$),SH.XPD.CHEX.PC.CD,,,,,,,,,,,,,,,,,,,,,,,,,,,,,,,,,,,,,,,,,995.3421021,1015.549683,1139.402954,1443.37793,1723.744019,1814.354492,1857.645142,2112.528809,2391.981201,2346.541992,2259.303711,2255.969238,1980.018677,2030.630127,2059.926514,1790.534058,1875.242188,1998.064697,2216.306641,2221.439209,,
Paraguay,PRY,Current health expenditure per capita (current US$),SH.XPD.CHEX.PC.CD,,,,,,,,,,,,,,,,,,,,,,,,,,,,,,,,,,,,,,,,,100.1265335,87.77079773,61.89070129,67.00151825,82.83692169,89.03581238,114.0006409,149.4503326,203.9134522,200.3764801,237.3345795,310.1144104,338.6645508,360.0349731,405.4724426,362.2713928,355.4480896,375.3178101,390.0476379,388.3932495,,
West Bank and Gaza,PSE,Current health expenditure per capita (current US$),SH.XPD.CHEX.PC.CD,,,,,,,,,,,,,,,,,,,,,,,,,,,,,,,,,,,,,,,,,,,,,,,,,,,,,,,,,,,,,,
Pacific island small states,PSS,Current health expenditure per capita (current US$),SH.XPD.CHEX.PC.CD,,,,,,,,,,,,,,,,,,,,,,,,,,,,,,,,,,,,,,,,,89.44777852,86.13708203,94.43105379,100.4756029,124.3053593,147.1332701,145.5422877,153.2879848,156.128353,151.8296664,169.3479713,175.1187862,181.669323,188.2056154,196.4010268,186.6822743,191.1495415,196.8541062,205.9877981,224.6560617,,
Post-demographic dividend,PST,Current health expenditure per capita (current US$),SH.XPD.CHEX.PC.CD,,,,,,,,,,,,,,,,,,,,,,,,,,,,,,,,,,,,,,,,,2477.182678,2570.611804,2789.789208,3172.276944,3497.763607,3686.825699,3889.19577,4222.753683,4515.772116,4589.843234,4741.956111,5101.798943,5123.396328,5155.861281,5307.286317,5147.71465,5329.078414,5514.639416,5797.126376,5919.046785,,
French Polynesia,PYF,Current health expenditure per capita (current US$),SH.XPD.CHEX.PC.CD,,,,,,,,,,,,,,,,,,,,,,,,,,,,,,,,,,,,,,,,,,,,,,,,,,,,,,,,,,,,,,
Qatar,QAT,Current health expenditure per capita (current US$),SH.XPD.CHEX.PC.CD,,,,,,,,,,,,,,,,,,,,,,,,,,,,,,,,,,,,,,,,,602.1158447,659.9840698,742.269043,1218.352417,1295.111816,1321.939453,1311.676025,1290.986938,1283.849243,1270.248535,1206.003052,1318.521973,1487.32019,1765.828369,2031.838135,1891.78418,1856.355713,1760.478882,1730.181885,1807.153931,,
Romania,ROU,Current health expenditure per capita (current US$),SH.XPD.CHEX.PC.CD,,,,,,,,,,,,,,,,,,,,,,,,,,,,,,,,,,,,,,,,,69.89345551,78.8175354,96.57698822,143.5455322,190.7950592,254.5296173,291.0040894,415.0679016,521.3156128,449.3769226,472.2075195,426.5997315,401.671051,495.2362366,503.3475342,442.240387,476.2450562,555.1130981,687.1541138,738.5581665,,
Russian Federation,RUS,Current health expenditure per capita (current US$),SH.XPD.CHEX.PC.CD,,,,,,,,,,,,,,,,,,,,,,,,,,,,,,,,,,,,,,,,,95.4120636,118.1094894,140.7553864,164.6477356,209.1970978,271.884613,352.5519409,461.5053101,609.1602173,515.8544922,566.0908814,682.6605835,757.0445557,807.0765381,737.649231,498.0559692,464.8977661,579.6721802,609.0091553,653.4172363,,
Rwanda,RWA,Current health expenditure per capita (current US$),SH.XPD.CHEX.PC.CD,,,,,,,,,,,,,,,,,,,,,,,,,,,,,,,,,,,,,,,,,9.322052,7.92092705,7.30057716,17.31920624,20.55388832,25.63013649,27.92610168,34.48757553,41.12966919,45.26019287,49.31543732,53.07389832,58.79287338,48.98834229,51.92441177,49.98083878,51.84296036,49.34806442,52.29534531,51.39912415,,
South Asia,SAS,Current health expenditure per capita (current US$),SH.XPD.CHEX.PC.CD,,,,,,,,,,,,,,,,,,,,,,,,,,,,,,,,,,,,,,,,,17.46345787,18.20781687,18.79079259,20.13076422,22.84134486,25.47584377,27.71444415,33.24323018,35.02151636,35.4997525,41.28125324,44.56420404,44.8131324,51.17928842,52.91908312,54.9719651,56.88490349,55.30176152,58.01881688,60.49935633,,
Saudi Arabia,SAU,Current health expenditure per capita (current US$),SH.XPD.CHEX.PC.CD,,,,,,,,,,,,,,,,,,,,,,,,,,,,,,,,,,,,,,,,,386.2592163,387.4862976,369.5001831,382.3901062,400.875824,471.1194458,556.0655518,587.9784546,596.5264893,691.3226929,702.6710815,881.395752,1014.699646,1109.505737,1278.976563,1237.333496,1160.051636,1302.768555,1341.519775,1316.260254,,
Sudan,SDN,Current health expenditure per capita (current US$),SH.XPD.CHEX.PC.CD,,,,,,,,,,,,,,,,,,,,,,,,,,,,,,,,,,,,,,,,,15.23164654,16.57659912,18.30408287,24.7358799,32.12231064,40.80571747,61.05639648,90.58113861,92.22037506,95.33586884,93.45315552,134.8076477,102.5439377,127.1628647,116.9351425,158.8953095,165.8524628,192.6066589,59.51420593,46.92884064,,
Senegal,SEN,Current health expenditure per capita (current US$),SH.XPD.CHEX.PC.CD,,,,,,,,,,,,,,,,,,,,,,,,,,,,,,,,,,,,,,,,,21.72433662,23.85724831,26.9206295,35.739254,42.58594131,36.47798538,38.67741013,40.8911171,49.23475647,50.28383255,51.21483612,57.59818649,56.22806931,60.20170975,61.39787674,53.43446732,54.10780716,54.4282608,61.79673004,59.09758377,,
Singapore,SGP,Current health expenditure per capita (current US$),SH.XPD.CHEX.PC.CD,,,,,,,,,,,,,,,,,,,,,,,,,,,,,,,,,,,,,,,,,797.2903442,696.6171875,757.1998291,852.968811,867.5126343,908.9459839,990.8016968,1121.342529,1295.249878,1328.52478,1496.776001,1676.001831,1828.897583,2078.594482,2206.107422,2302.599609,2476.174561,2625.00415,2667.674805,2632.713867,,
Solomon Islands,SLB,Current health expenditure per capita (current US$),SH.XPD.CHEX.PC.CD,,,,,,,,,,,,,,,,,,,,,,,,,,,,,,,,,,,,,,,,,49.11304855,63.79349136,80.39586639,55.79892731,66.97502899,91.49902344,89.64290619,90.48252869,79.02152252,100.4435577,134.5846558,116.645958,107.0663071,107.6438904,115.3221664,100.5403976,100.4202194,98.58231354,96.3806076,111.9044876,,
Sierra Leone,SLE,Current health expenditure per capita (current US$),SH.XPD.CHEX.PC.CD,,,,,,,,,,,,,,,,,,,,,,,,,,,,,,,,,,,,,,,,,23.31109047,25.17224312,28.83034897,28.85776711,29.22132874,32.27239609,33.61574173,36.16654587,40.33549118,43.41863632,43.97432327,59.54337692,59.97774506,82.92144012,140.9924011,120.9123917,87.09645844,46.68696976,44.26722717,46.15795517,,
El Salvador,SLV,Current health expenditure per capita (current US$),SH.XPD.CHEX.PC.CD,,,,,,,,,,,,,,,,,,,,,,,,,,,,,,,,,,,,,,,,,178.6319275,182.8806458,186.4581757,185.7367554,193.6116791,204.8970337,208.5317078,212.8181,224.842514,240.0522308,245.7085877,265.9998169,258.4768982,270.8797607,275.6874085,282.7453308,293.2580261,282.0367432,288.5174561,300.0532837,,
San Marino,SMR,Current health expenditure per capita (current US$),SH.XPD.CHEX.PC.CD,,,,,,,,,,,,,,,,,,,,,,,,,,,,,,,,,,,,,,,,,2141.73999,2168.833252,2219.18335,2465.887207,2910.730469,3005.063721,3188.147461,3745.049316,4311.380859,4181.435547,3983.750977,4237.541016,3974.922119,3984.168701,3825.480713,3061.563232,2950.001953,3278.898438,3388.47876,3050.918213,,
Somalia,SOM,Current health expenditure per capita (current US$),SH.XPD.CHEX.PC.CD,,,,,,,,,,,,,,,,,,,,,,,,,,,,,,,,,,,,,,,,,,,,,,,,,,,,,,,,,,,,,,
Serbia,SRB,Current health expenditure per capita (current US$),SH.XPD.CHEX.PC.CD,,,,,,,,,,,,,,,,,,,,,,,,,,,,,,,,,,,,,,,,,56.50500107,112.2206345,173.2553253,230.0886536,274.4553223,307.5470581,371.5060425,547.2272339,671.8870239,575.262146,545.3338013,618.8942261,559.9053955,627.53302,608.8585815,491.25177,486.4294434,515.8458862,617.0865479,641.0250244,,
Sub-Saharan Africa (excluding high income),SSA,Current health expenditure per capita (current US$),SH.XPD.CHEX.PC.CD,,,,,,,,,,,,,,,,,,,,,,,,,,,,,,,,,,,,,,,,,34.70192501,31.75113916,30.38105871,44.54273083,53.44695339,59.72098177,66.31511725,73.43295166,78.37238759,78.0184847,88.40164338,97.42402235,95.36344244,97.36156965,94.74676431,88.08346498,81.48138915,84.82515397,80.56639665,78.80001413,,
South Sudan,SSD,Current health expenditure per capita (current US$),SH.XPD.CHEX.PC.CD,,,,,,,,,,,,,,,,,,,,,,,,,,,,,,,,,,,,,,,,,,,,,,,,,,,,,,,,,,26.38130379,26.70323944,22.63818741,,
Sub-Saharan Africa,SSF,Current health expenditure per capita (current US$),SH.XPD.CHEX.PC.CD,,,,,,,,,,,,,,,,,,,,,,,,,,,,,,,,,,,,,,,,,34.74161167,31.79723808,30.42391962,44.58971892,53.49822136,59.77232466,66.36707763,73.47621942,78.41016551,78.04869974,88.44608879,97.46712271,95.41805899,97.41410726,94.80220614,88.13831141,81.54610912,84.88847208,80.6346529,78.86721041,,
Small states,SST,Current health expenditure per capita (current US$),SH.XPD.CHEX.PC.CD,,,,,,,,,,,,,,,,,,,,,,,,,,,,,,,,,,,,,,,,,223.8718856,220.8057042,242.1191795,289.990182,333.6551539,364.2705802,387.2889786,449.9602534,493.2065841,471.6940614,485.5999194,521.6112595,523.4932861,562.3929669,594.8851844,568.3119866,578.3968762,613.5145029,637.4193048,635.8994671,,
Sao Tome and Principe,STP,Current health expenditure per capita (current US$),SH.XPD.CHEX.PC.CD,,,,,,,,,,,,,,,,,,,,,,,,,,,,,,,,,,,,,,,,,56.67601013,53.56918335,57.76805878,80.1392746,80.69898987,91.50232697,68.26289368,71.04097748,78.14442444,76.83090973,74.93682098,85.38583374,86.81771088,125.176033,120.006073,85.22420502,109.9806061,117.0106812,115.0187225,108.4464035,,
Suriname,SUR,Current health expenditure per capita (current US$),SH.XPD.CHEX.PC.CD,,,,,,,,,,,,,,,,,,,,,,,,,,,,,,,,,,,,,,,,,168.918747,93.65898895,162.9091034,173.2046356,221.2223663,251.2885895,325.9138794,321.1723633,347.2540894,394.9021912,415.2991028,390.1407776,422.1010742,451.7543335,458.5661011,532.4972534,351.9419251,335.10849,475.0387878,619.2471314,,
Slovak Republic,SVK,Current health expenditure per capita (current US$),SH.XPD.CHEX.PC.CD,,,,,,,,,,,,,,,,,,,,,,,,,,,,,,,,,,,,,,,,,203.5062714,212.2220764,254.127655,344.4733582,511.5298767,601.3132324,729.0132446,1029.300415,1251.677246,1320.093018,1296.542847,1352.438354,1319.438354,1370.467651,1289.348389,1108.878174,1175.597046,1189.072266,1299.911377,1342.074829,,
Slovenia,SVN,Current health expenditure per capita (current US$),SH.XPD.CHEX.PC.CD,,,,,,,,,,,,,,,,,,,,,,,,,,,,,,,,,,,,,,,,,796.6470337,826.225769,944.8713989,1203.063477,1368.648682,1449.189209,1541.664307,1795.950439,2179.452393,2125.056885,2017.146606,2147.805176,1974.854004,2055.381348,2062.384766,1775.86084,1835.407349,1925.03479,2169.579102,2219.100586,,
Sweden,SWE,Current health expenditure per capita (current US$),SH.XPD.CHEX.PC.CD,,,,,,,,,,,,,,,,,,,,,,,,,,,,,,,,,,,,,,,,,2173.193848,2155.854248,2459.098389,3110.199707,3488.172852,3547.633301,3765.397461,4310.32666,4627.563965,4136.17334,4416.145508,6351.216797,6254.442383,6696.87207,6605.911621,5598.681641,5680.725586,5837.770508,6005.065918,5671.385742,,
Eswatini,SWZ,Current health expenditure per capita (current US$),SH.XPD.CHEX.PC.CD,,,,,,,,,,,,,,,,,,,,,,,,,,,,,,,,,,,,,,,,,79.68417358,78.20019531,77.6235733,137.0496063,183.9289246,227.4730377,248.5896149,263.8681946,277.9058533,292.2944031,358.1239014,380.8573608,354.0736389,315.4493713,293.0811462,259.5190735,233.6351471,273.3828735,298.118927,264.0551453,,
Sint Maarten (Dutch part),SXM,Current health expenditure per capita (current US$),SH.XPD.CHEX.PC.CD,,,,,,,,,,,,,,,,,,,,,,,,,,,,,,,,,,,,,,,,,,,,,,,,,,,,,,,,,,,,,,
Seychelles,SYC,Current health expenditure per capita (current US$),SH.XPD.CHEX.PC.CD,,,,,,,,,,,,,,,,,,,,,,,,,,,,,,,,,,,,,,,,,349.9909668,407.4513245,378.299469,440.7177429,499.1170654,516.1693726,531.2345581,469.3231506,425.8547363,362.6094055,513.2280273,532.0811768,655.8516235,641.2227173,675.4989624,665.638794,772.4489136,777.8544922,840.2806397,839.7733154,,
Syrian Arab Republic,SYR,Current health expenditure per capita (current US$),SH.XPD.CHEX.PC.CD,,,,,,,,,,,,,,,,,,,,,,,,,,,,,,,,,,,,,,,,,54.21872711,58.47392654,63.93671417,61.29418945,61.67289352,63.55982208,65.62462616,75.41347504,86.41690063,90.49646759,92.73750305,80.71446228,69.83010864,,,,,,,,,
Turks and Caicos Islands,TCA,Current health expenditure per capita (current US$),SH.XPD.CHEX.PC.CD,,,,,,,,,,,,,,,,,,,,,,,,,,,,,,,,,,,,,,,,,,,,,,,,,,,,,,,,,,,,,,
Chad,TCD,Current health expenditure per capita (current US$),SH.XPD.CHEX.PC.CD,,,,,,,,,,,,,,,,,,,,,,,,,,,,,,,,,,,,,,,,,10.26314449,11.80953884,18.21106911,18.23923874,28.27807426,31.99307251,34.67246628,34.87197113,37.86497879,35.82932663,36.32339096,38.54948807,37.40947342,39.96808624,43.7831459,35.10715103,35.39419937,30.59851456,29.69879913,29.85083008,,
East Asia & Pacific (IDA & IBRD countries),TEA,Current health expenditure per capita (current US$),SH.XPD.CHEX.PC.CD,,,,,,,,,,,,,,,,,,,,,,,,,,,,,,,,,,,,,,,,,37.88422311,39.01970072,43.53885821,49.73302631,55.94708643,64.2576772,73.79539222,88.34449461,115.4459343,137.2274108,159.090904,198.8640826,232.3933935,263.6122906,286.5119919,305.9774664,311.1359881,341.9247163,387.8955096,414.0522956,,
Europe & Central Asia (IDA & IBRD countries),TEC,Current health expenditure per capita (current US$),SH.XPD.CHEX.PC.CD,,,,,,,,,,,,,,,,,,,,,,,,,,,,,,,,,,,,,,,,,106.714359,115.4648527,135.4502166,164.0934449,204.7209855,255.0010022,306.552052,389.8011949,490.2047901,423.1515325,456.4669408,507.1526308,532.0134828,566.724754,537.4055818,418.8149073,408.6348293,456.8657592,475.2199704,502.8738399,,
Togo,TGO,Current health expenditure per capita (current US$),SH.XPD.CHEX.PC.CD,,,,,,,,,,,,,,,,,,,,,,,,,,,,,,,,,,,,,,,,,11.41868877,11.3970356,12.85665989,15.73219013,17.20272064,18.11136246,18.96888161,23.45941162,28.30801582,29.72832108,32.09547043,36.0716095,37.0880394,41.44555283,43.89037704,38.17872238,42.98860931,53.94796753,54.8932724,51.1550293,,
Thailand,THA,Current health expenditure per capita (current US$),SH.XPD.CHEX.PC.CD,,,,,,,,,,,,,,,,,,,,,,,,,,,,,,,,,,,,,,,,,62.2649498,57.29465866,69.9021225,76.5091095,83.49951172,91.44425964,104.4460144,126.849556,151.5072632,152.4855652,172.0929718,195.9727325,206.4648285,212.9985504,219.2957306,214.2065735,224.9945221,253.4068298,278.6308289,296.1651001,,
Tajikistan,TJK,Current health expenditure per capita (current US$),SH.XPD.CHEX.PC.CD,,,,,,,,,,,,,,,,,,,,,,,,,,,,,,,,,,,,,,,,,5.97125244,7.67240763,8.35373688,11.17181587,14.93279266,17.73142815,20.43570137,29.1230526,42.08819199,39.5818634,42.9864502,49.65073395,57.97858429,68.94046021,74.59780884,64.16710663,56.20223236,58.16766357,59.84311676,61.87225342,,
Turkmenistan,TKM,Current health expenditure per capita (current US$),SH.XPD.CHEX.PC.CD,,,,,,,,,,,,,,,,,,,,,,,,,,,,,,,,,,,,,,,,,76.63774109,123.7940674,132.5186005,208.8675232,319.2583618,345.1427307,374.1831055,281.9347839,255.4766541,194.2538147,221.7984467,276.6504211,318.8036194,376.2167969,437.7458191,405.1260986,423.0598755,456.8391419,460.3240662,500.0064392,,
Latin America & the Caribbean (IDA & IBRD countries),TLA,Current health expenditure per capita (current US$),SH.XPD.CHEX.PC.CD,,,,,,,,,,,,,,,,,,,,,,,,,,,,,,,,,,,,,,,,,287.0281787,280.5914946,237.9505127,246.1254647,280.7200565,336.9022514,400.6767507,475.7612044,546.5148295,548.9446753,650.7071513,725.7850269,729.4597298,751.9198354,753.9200247,670.6471073,628.0703079,720.7726768,676.3369132,654.8640504,,
Timor-Leste,TLS,Current health expenditure per capita (current US$),SH.XPD.CHEX.PC.CD,,,,,,,,,,,,,,,,,,,,,,,,,,,,,,,,,,,,,,,,,,,,14.7028265,19.33460426,24.51493263,26.80820465,29.59138489,42.76674271,49.46465683,52.1896553,64.26586914,71.61464691,103.2798233,93.70611572,102.2269592,93.38000488,86.74797058,93.64685822,92.67004395,,
Middle East & North Africa (IDA & IBRD countries),TMN,Current health expenditure per capita (current US$),SH.XPD.CHEX.PC.CD,,,,,,,,,,,,,,,,,,,,,,,,,,,,,,,,,,,,,,,,,80.4251513,85.1740561,86.13963009,83.00621901,95.45374511,106.9949792,120.2061633,146.9916901,180.1037233,201.4704519,223.7177674,252.6832262,261.4495085,252.0427286,251.4762516,238.4980718,261.4997791,262.7691836,272.1235215,275.3951836,,
Tonga,TON,Current health expenditure per capita (current US$),SH.XPD.CHEX.PC.CD,,,,,,,,,,,,,,,,,,,,,,,,,,,,,,,,,,,,,,,,,58.27169418,59.96763992,68.0438385,74.03245544,110.7025452,116.7634201,159.3008728,144.0092773,202.7685394,126.3530808,177.9689484,169.755249,226.4968567,183.2253418,226.1274567,187.3837738,209.992691,230.6309662,234.9931793,242.3727722,,
South Asia (IDA & IBRD),TSA,Current health expenditure per capita (current US$),SH.XPD.CHEX.PC.CD,,,,,,,,,,,,,,,,,,,,,,,,,,,,,,,,,,,,,,,,,17.46345787,18.20781687,18.79079259,20.13076422,22.84134486,25.47584377,27.71444415,33.24323018,35.02151636,35.4997525,41.28125324,44.56420404,44.8131324,51.17928842,52.91908312,54.9719651,56.88490349,55.30176152,58.01881688,60.49935633,,
Sub-Saharan Africa (IDA & IBRD countries),TSS,Current health expenditure per capita (current US$),SH.XPD.CHEX.PC.CD,,,,,,,,,,,,,,,,,,,,,,,,,,,,,,,,,,,,,,,,,34.74161167,31.79723808,30.42391962,44.58971892,53.49822136,59.77232466,66.36707763,73.47621942,78.41016551,78.04869974,88.44608879,97.46712271,95.41805899,97.41410726,94.80220614,88.13831141,81.54610912,84.88847208,80.6346529,78.86721041,,
Trinidad and Tobago,TTO,Current health expenditure per capita (current US$),SH.XPD.CHEX.PC.CD,,,,,,,,,,,,,,,,,,,,,,,,,,,,,,,,,,,,,,,,,277.2157898,284.2960205,338.2855225,374.0027161,449.8487244,553.0686035,593.2364502,696.387085,784.5031738,810.796814,861.5105591,911.3829956,934.3426514,1013.182312,1054.445801,1107.185547,1110.366089,1131.281738,1143.170532,1167.933105,,
Tunisia,TUN,Current health expenditure per capita (current US$),SH.XPD.CHEX.PC.CD,,,,,,,,,,,,,,,,,,,,,,,,,,,,,,,,,,,,,,,,,111.6608505,114.8865891,125.9122696,150.8267059,169.6773682,172.3444367,181.3711853,205.0095825,233.339035,234.1063538,243.7140198,274.3075256,274.3434143,289.5417786,293.097168,255.6997376,244.4290619,237.3644562,236.7328339,233.0593109,,
Turkiye,TUR,Current health expenditure per capita (current US$),SH.XPD.CHEX.PC.CD,,,,,,,,,,,,,,,,,,,,,,,,,,,,,,,,,,,,,,,,,199.4993744,153.6227417,186.6913757,238.6871796,299.5606384,364.9080505,416.9285278,512.8482666,570.8589478,500.1930542,539.3271484,531.4185791,524.2503052,551.4012451,525.8447266,453.1164856,466.7947998,442.6176148,389.8655701,396.4668274,,
Tuvalu,TUV,Current health expenditure per capita (current US$),SH.XPD.CHEX.PC.CD,,,,,,,,,,,,,,,,,,,,,,,,,,,,,,,,,,,,,,,,,359.1017761,272.0803833,218.1291962,287.8776856,228.3738098,242.8870392,298.6590271,295.2988586,314.4863281,375.9710693,500.0559692,567.4742432,532.0466309,628.6420288,567.9641113,531.2664795,547.8984375,633.361084,766.2628784,972.6124268,,
Tanzania,TZA,Current health expenditure per capita (current US$),SH.XPD.CHEX.PC.CD,,,,,,,,,,,,,,,,,,,,,,,,,,,,,,,,,,,,,,,,,12.6108675,15.53204823,17.41364098,20.81579018,23.90641594,28.24069595,36.27006531,36.90998459,36.88764572,34.07072067,37.53247833,38.04220581,42.28380585,43.77843857,40.15263367,33.58757019,37.1879921,39.79175949,42.03595352,40.34330368,,
Uganda,UGA,Current health expenditure per capita (current US$),SH.XPD.CHEX.PC.CD,,,,,,,,,,,,,,,,,,,,,,,,,,,,,,,,,,,,,,,,,16.63032341,16.18933678,15.92738056,14.43743706,18.83850098,26.12890434,31.8495903,36.30623245,40.19852066,44.42363358,51.82595825,55.00610352,54.68679047,52.37650299,50.24546432,39.37041855,38.24341202,30.68274689,32.0545311,32.40844345,,
Ukraine,UKR,Current health expenditure per capita (current US$),SH.XPD.CHEX.PC.CD,,,,,,,,,,,,,,,,,,,,,,,,,,,,,,,,,,,,,,,,,35.13175964,44.7864418,52.87649155,68.91546631,84.58253479,116.3311691,148.3751068,185.9115601,215.7867737,168.286438,202.3408661,243.7808228,275.2192688,280.9766846,212.7696991,157.5774841,157.5377045,187.3952179,222.4753571,248.1334839,,
Upper middle income,UMC,Current health expenditure per capita (current US$),SH.XPD.CHEX.PC.CD,,,,,,,,,,,,,,,,,,,,,,,,,,,,,,,,,,,,,,,,,109.1813074,108.5654182,106.3764896,118.878667,139.065175,165.2615744,192.3332196,232.6683136,283.4355528,292.3603248,338.0086998,397.7190828,428.0799755,464.5579708,479.6817799,456.4105612,447.0454807,503.1783644,531.2707192,551.4093957,,
Uruguay,URY,Current health expenditure per capita (current US$),SH.XPD.CHEX.PC.CD,,,,,,,,,,,,,,,,,,,,,,,,,,,,,,,,,,,,,,,,,687.930542,668.9579468,430.2504273,378.6530762,371.6006165,440.4519959,495.2510376,571.9918823,802.4571533,816.2948608,1030.621704,1229.377808,1329.657959,1497.068848,1476.200806,1406.522339,1450.144897,1648.874634,1686.071289,1660.952881,,
United States,USA,Current health expenditure per capita (current US$),SH.XPD.CHEX.PC.CD,,,,,,,,,,,,,,,,,,,,,,,,,,,,,,,,,,,,,,,,,4543.436035,4894.280762,5322.742188,5732.229492,6097.287598,6454.403809,6828.615723,7181.89209,7401.369141,7657.559082,7888.352051,8080.214844,8342.580078,8522.125977,8939.396484,9392.066406,9775,10103.0918,10515.32324,10921.0127,,
Uzbekistan,UZB,Current health expenditure per capita (current US$),SH.XPD.CHEX.PC.CD,,,,,,,,,,,,,,,,,,,,,,,,,,,,,,,,,,,,,,,,,35.63145828,30.44022942,24.47666931,25.58103943,27.97478294,32.42808914,37.82676315,46.67816925,61.00310135,71.64038086,85.44557953,100.3128662,117.8411865,130.4245758,117.6513062,131.8330231,129.1727753,93.00417328,82.26926422,98.57316589,,
St. Vincent and the Grenadines,VCT,Current health expenditure per capita (current US$),SH.XPD.CHEX.PC.CD,,,,,,,,,,,,,,,,,,,,,,,,,,,,,,,,,,,,,,,,,157.9358673,171.3984528,184.0023041,186.0557404,195.942688,204.6110687,216.4269257,251.1140137,262.3676758,270.0433044,286.3549805,278.7896423,299.6088562,303.3605957,291.0646973,282.7134094,294.645813,311.9353027,332.0836792,354.8086548,,
"Venezuela, RB",VEN,Current health expenditure per capita (current US$),SH.XPD.CHEX.PC.CD,,,,,,,,,,,,,,,,,,,,,,,,,,,,,,,,,,,,,,,,,355.1282349,391.3236389,285.6197205,245.4015656,293.3965759,333.2996216,553.4086914,658.0493774,731.8700562,886.7772217,945.9151001,786.3463135,837.4285889,697.5252686,698.9158325,663.1726074,505.027771,524.5036621,464.044342,338.8253784,,
British Virgin Islands,VGB,Current health expenditure per capita (current US$),SH.XPD.CHEX.PC.CD,,,,,,,,,,,,,,,,,,,,,,,,,,,,,,,,,,,,,,,,,,,,,,,,,,,,,,,,,,,,,,
Virgin Islands (U.S.),VIR,Current health expenditure per capita (current US$),SH.XPD.CHEX.PC.CD,,,,,,,,,,,,,,,,,,,,,,,,,,,,,,,,,,,,,,,,,,,,,,,,,,,,,,,,,,,,,,
Vietnam,VNM,Current health expenditure per capita (current US$),SH.XPD.CHEX.PC.CD,,,,,,,,,,,,,,,,,,,,,,,,,,,,,,,,,,,,,,,,,18.91674423,23.18782616,19.65594101,22.37121964,28.7441864,35.03743744,42.29331589,49.50850296,59.16986084,64.43672943,78.63555908,89.58512878,108.9399719,119.5219269,117.4146042,117.8628922,124.0594101,140.165329,163.1509552,180.7181854,,
Vanuatu,VUT,Current health expenditure per capita (current US$),SH.XPD.CHEX.PC.CD,,,,,,,,,,,,,,,,,,,,,,,,,,,,,,,,,,,,,,,,,48.71302414,46.25571823,52.87108231,55.42980957,63.296772,62.3782196,68.08332062,73.1243515,82.50093842,83.70121002,100.1354828,114.2026596,117.9651566,129.7849121,106.726944,116.4973297,82.24130249,85.16284943,104.5860977,104.2496109,,
World,WLD,Current health expenditure per capita (current US$),SH.XPD.CHEX.PC.CD,,,,,,,,,,,,,,,,,,,,,,,,,,,,,,,,,,,,,,,,,476.7432477,489.4968191,520.0752097,583.7852839,642.8056414,681.8046568,723.8695186,793.1226531,859.0201873,869.3820887,906.363689,980.0944396,989.1229169,1005.221288,1028.027993,987.2741416,1009.284045,1049.769023,1096.414544,1115.00873,,
Samoa,WSM,Current health expenditure per capita (current US$),SH.XPD.CHEX.PC.CD,,,,,,,,,,,,,,,,,,,,,,,,,,,,,,,,,,,,,,,,,63.03668213,58.87117767,76.19980621,85.76576996,109.0597458,126.3174896,138.65979,153.5153656,163.0090332,179.21492,192.7679138,220.3828125,205.0755768,257.4090881,259.162323,223.1809692,227.1250916,235.4183807,227.3130646,271.9157715,,
Kosovo,XKX,Current health expenditure per capita (current US$),SH.XPD.CHEX.PC.CD,,,,,,,,,,,,,,,,,,,,,,,,,,,,,,,,,,,,,,,,,,,,,,,,,,,,,,,,,,,,,,
"Yemen, Rep.",YEM,Current health expenditure per capita (current US$),SH.XPD.CHEX.PC.CD,,,,,,,,,,,,,,,,,,,,,,,,,,,,,,,,,,,,,,,,,25.82774544,27.19543648,28.01715851,35.71838379,39.15239334,43.37588501,51.00078583,59.23065186,70.82818604,66.81106567,68.86593628,65.56300354,75.14369965,79.7281189,81.05194855,73.17674255,,,,,,
South Africa,ZAF,Current health expenditure per capita (current US$),SH.XPD.CHEX.PC.CD,,,,,,,,,,,,,,,,,,,,,,,,,,,,,,,,,,,,,,,,,247.5892334,211.6915588,186.7814789,296.9243774,375.3083801,413.9989624,430.9156494,468.230072,453.9638977,499.7177734,635.0941162,699.9675293,658.1229858,604.7698975,549.696167,503.7594605,465.0881043,534.3883667,564.5032959,546.6884155,,
Zambia,ZMB,Current health expenditure per capita (current US$),SH.XPD.CHEX.PC.CD,,,,,,,,,,,,,,,,,,,,,,,,,,,,,,,,,,,,,,,,,24.72463989,25.0923233,25.96962738,31.30976868,37.97074127,48.21477509,61.57552338,48.94664383,55.93905258,51.35781097,55.3928299,57.88014603,69.29530334,88.12820435,67.49678802,59.33764267,57.36268997,67.19523621,76.31442261,69.32437897,,
Zimbabwe,ZWE,Current health expenditure per capita (current US$),SH.XPD.CHEX.PC.CD,,,,,,,,,,,,,,,,,,,,,,,,,,,,,,,,,,,,,,,,,,,,,,,,,,,99.34855652,88.38669586,90.28308105,101.6749344,116.7105408,107.6869995,112.411404,115.6462012,141.3693078,103.0282722,,