indicator,ISO Country code,population,surface area (Km2),,GINI index,happy planet index,happy planet index,human development index,human development index,sustainable economic development assessment (SEDA),,"GDP growth
(annual %)",,"GDP 
($ USD billions PPP)",,,,GDP per capita in $ (PPP),,,,Economic Growth,,,"health expenditure 
% of GDP",,,,,,,,,"health expenditure 
per person",,,infant mortality,"maternal mortality per 100,000 live births",,"education expenditure
% of GDP","education expenditure
% of GDP","education expenditure
% of GDP",Education as % of GDP,,% of primary school aged kids out of school,,,unemployment (%),,% of population in extreme poverty,% of population with access to electricity,,political rights score ,,civil liberties score ,,political stability & absence of violence,,government effectiveness,,regulatory quality,,rule of law,,control of corruption,,judicial effectiveness score,,government integrity score,,overall economic freedom score,,financial freedom score,,government expenditure (% of GDP),,CO2e emissions per capita,share of electricity from renewables generation,,,% of seats held by women in national parliaments,,,Military Spending as % of GDP,
source,FAO,World Bank Data,CIA World Factbook,,CIA World Factbook,Happy Planet Index,,UNDP,,Boston Consulting Group (BCG),,,World Bank,World Bank,,,,World Bank,,,,WorldBank,WorldBank,,World Bank,,,,,,,,,World Bank,World Bank,,WorldBank,Worldbank,,World Bank,World Bank,World Bank,WorldBank,WorldBank,WorldBank,WorldBank,,Heritage Foundation,World Bank,WorldBank,WorldBank,,Freedom House,,Freedom House,,World Bank,World Bank,World Bank,World Bank,World Bank,World Bank,World Bank,World Bank,World Bank,World Bank,Heritage Foundation,Heritage Foundation,Heritage Foundation,Heritage Foundation,Heritage Foundation,Heritage Foundation,Heritage Foundation,Heritage Foundation,Heritage Foundation,,WorldBank,EIA,EIA,,World Bank,WorldBank,WorldBank,SIPRI,SIPRI
URL,http://www.fao.org/countryprofiles/iso3list/en/,https://data.worldbank.org/indicator/SP.POP.TOTL,https://www.cia.gov/library/publications/the-world-factbook/fields/2147.html#al,,https://www.cia.gov/library/publications/the-world-factbook/rankorder/2172rank.html,http://happyplanetindex.org/,https://happyplanetindex.org/,http://hdr.undp.org/en/data#,https://hdr.undp.org/data-center/human-development-index#/indicies/HDI,https://www.bcg.com/en-gb/publications/interactives/seda-2018-guide.aspx,,,https://data.worldbank.org/indicator/NY.GDP.MKTP.KD.ZG,https://data.worldbank.org/indicator/NY.GDP.MKTP.CD,,,,https://data.worldbank.org/indicator/NY.GDP.PCAP.PP.CD,,,,https://data.worldbank.org/indicator/NY.GDP.MKTP.KD.ZG,https://data.worldbank.org/indicator/NY.GDP.MKTP.KD.ZG,,https://data.worldbank.org/indicator/SH.XPD.CHEX.GD.ZS,,,,,,,,,https://data.worldbank.org/indicator/SH.XPD.CHEX.PP.CD,https://data.worldbank.org/indicator/SH.XPD.CHEX.PC.CD,,https://data.worldbank.org/indicator/SP.DYN.IMRT.IN,https://data.worldbank.org/indicator/SH.STA.MMRT,,https://data.worldbank.org/indicator/SE.XPD.TOTL.GD.ZS?view=chart,https://data.worldbank.org/indicator/SE.XPD.TOTL.GD.ZS,https://data.worldbank.org/indicator/SE.XPD.TOTL.GD.ZS,https://data.worldbank.org/indicator/SE.XPD.TOTL.GD.ZS,https://data.worldbank.org/indicator/SE.XPD.TOTL.GD.ZS,https://data.worldbank.org/indicator/SE.PRM.UNER.ZS,https://data.worldbank.org/indicator/SE.PRM.UNER.ZS,,https://www.heritage.org/index/explore,https://data.worldbank.org/indicator/SL.UEM.TOTL.ZS,https://data.worldbank.org/topic/poverty,https://data.worldbank.org/indicator/EG.ELC.ACCS.ZS,,https://freedomhouse.org/reports/publication-archives,https://freedomhouse.org/countries/freedom-world/scores,https://freedomhouse.org/reports/publication-archives,https://freedomhouse.org/countries/freedom-world/scores,http://info.worldbank.org/governance/wgi/#home,http://info.worldbank.org/governance/wgi/#home,http://info.worldbank.org/governance/wgi/#home,http://info.worldbank.org/governance/wgi/#home,http://info.worldbank.org/governance/wgi/#home,http://info.worldbank.org/governance/wgi/#home,http://info.worldbank.org/governance/wgi/#home,http://info.worldbank.org/governance/wgi/#home,http://info.worldbank.org/governance/wgi/#home,http://info.worldbank.org/governance/wgi/#home,https://www.heritage.org/index/explore,https://www.heritage.org/index/explore,https://www.heritage.org/index/explore,https://www.heritage.org/index/explore,https://www.heritage.org/index/explore,https://www.heritage.org/index/explore,https://www.heritage.org/index/explore,https://www.heritage.org/index/explore,https://www.heritage.org/index/explore,,https://data.worldbank.org/indicator/EN.ATM.CO2E.PC,https://www.eia.gov/international/data/world/electricity/electricity-generation?pd=2&p=0000000000000000000000000000098&u=1&f=A&v=column&a=-&i=none&vo=value&t=C&g=00000000000000000000000000000000000000000000000001&l=249-ruvvvvvfvtvnvv1vrvvvvfvvvvvvfvvvou20evvvvvvvvvvvvvvs&s=1420070400000&e=1577836800000&vb=146&ev=false,https://www.eia.gov/international/data/world/electricity/electricity-generation?pd=2&p=0000000000000000000000000000098&u=1&f=A&v=column&a=-&i=none&vo=value&t=C&g=00000000000000000000000000000000000000000000000001&l=249-ruvvvvvfvtvnvv1vrvvvvfvvvvvvfvvvou20evvvvvvvvvvvvvvs&s=1420070400000&e=1577836800000&vb=146&ev=false,,https://data.worldbank.org/indicator/SG.GEN.PARL.ZS,https://data.worldbank.org/indicator/SG.GEN.PARL.ZS,https://data.worldbank.org/indicator/SG.GEN.PARL.ZS,https://milex.sipri.org/sipri,
notes,,,,,inequality in the distribution of family income. Lower the better.,"well being + life expectancy + inequalities + ecological footprint  
(higher = better)",,"healthy life + knowledge + standard of living  
(high = better)",,"an assessment based on 40 indicators in sustainability, economics, & investments
(higher = better)",,,,,,,,,,,,,,,,,,,,,,,,(current international $),,,,,,,,,,,,,,,,,,,,,,,Likelihood of political instability ,Likelihood of political instability ,"Quality of public services, civil service, policy formation, government commitment (-2.5 to +2.5)","Quality of public services, civil service, policy formation, government commitment (-2.5 to +2.5)",level of policies to support private sector,level of policies to support private sector,quality of rule of law + likelihood of crime / violence,quality of rule of law + likelihood of crime / violence,,,"judicial independence + quality of the judicial process,
fairness
(/100)","judicial independence + quality of the judicial process,
fairness
(/100)",Public trust + transparency + corruption ,Public trust + transparency + corruption ,,,"Level of gov regulation of financial services, foreign competition, credit & capital development ","Level of gov regulation of financial services, foreign competition, credit & capital development ",,,,,,,,,,,
data year,2018,2018,2018,,varies by country,2016,2019,2017,2021,2018,,2018,2021 or latest year,2018,2019,2020,2021,2018,2019,2020,2021,2018,2021 or latest,,2014,2015,2016,2017,2018,2019,2020,2021,2021 or latest,2015,2018,2019,2020,2017 (latest year),,2014,2018.0,2021 or latest year,2018,2021 or latest,2018.00,2021 or latest year,,2018,2021,latest year,2020,,2018,2022,2018,2022,2017,2021,2017,2021,2017,2021,2017,2021,2017,2021,2018,2022,2018,2022,2017,2022,2018,2022,2018,,2019,2015,2020 or latest year,,2017,2018,2021,2021,2019
Afghanistan,AFG,"36,000,000","652,230",,-,20.2,29.40,0.498,0.478,-,,1.5,-2.35,75.6,78.6,76.7,,2082,2152,2078,,1.19,-2.35,,3.70,3.26,3.51,3.37,3.20,3.21,,,3.21,184,70.0,65.8,60.8,638,,3.8,3.20,,3.20,3.21,,,,8.5,13.28,0,97.7,,12,1,14,9,-2.78,-2.53,-1.3,-1.6,-1.3,-1.3,-1.570,-1.871,-1.52,-1.14,28.20,-,26.20,-,51.30,-,10.00,-,26.30,,0.16,86.1%,82.8%,,27.7,,27,...,1.20%
Albania,ALB,"2,900,000","27,398",,29.0,36.8,51.00,0.785,0.796,53.10,,2.6,8.54,38.2,39.0,37.6,40.8,13498,13999,13632,15646,4.02,8.54,,3.05,3.44,3.96,3.61,,3.92,3.10,,3.92,774,274.9,,2.4,15,,-,,3.10,,3.10,2.56,3.84,,16.3,11.82,0,100.0,,28,28,40,39,0.4,0.11,0.1,0.0,0.2,0.2,-0.400,-0.256,-0.42,-0.56,25.40,49.80,39.90,35.60,64.50,66.60,70.00,70.00,30.10,,1.69,100.0%,100.0%,,27.9,28,36,1.42%,1.30%
Algeria,DZA,"41,000,000","2,381,740",,35.3,33.3,46.50,0.754,0.745,45.80,,3.7,3.85,491.1,496.1,470.8,488.9,11909,12008,11323,12037,1.10,3.85,,,,7.34,6.51,5.87,6.10,,,6.10,"1,031",256.0,248.2,11.6,112,,-,5.87,6.10,5.87,6.10,0.35,0.18,,11.2,12.70,,99.8,,10,10,25,22,-0.96,-0.88,-0.6,-0.6,-1.2,-1.2,-0.860,-0.816,-0.61,-0.61,35.20,29.70,29.00,30.10,44.70,45.80,30.00,30.00,42.50,,3.98,0.3%,1.1%,,25.8,26,8,5.59%,6.00%
Angola,AGO,"30,000,000","1,246,700",,42.7,-,-,0.581,0.586,28.40,,3,0.70,215.1,213.6,201.9,203.3,7149,6995,6478,6581,-1.32,0.70,,3.12,3.49,2.75,2.47,2.04,1.93,2.42,,2.42,196,87.3,71.3,8.8,241,,-,2.04,2.42,2.04,2.42,,,,6.6,8.53,11.9,46.9,,10,10,16,20,-0.29,-0.71,-1.0,-1.1,-1.0,-0.7,-1.100,-0.952,-1.41,-0.66,25.40,25.30,18.90,20.60,48.60,52.60,40.00,40.00,32.10,,0.79,54.5%,68.2%,,38.2,30,30,1.13%,1.60%
Argentina,ARG,"44,000,000","2,736,690",,41.7,35.2,50.00,0.825,0.842,57.30,,1.2,10.26,"1,012.1",991.6,893.5,985.2,23291,22997,20769,23627,-2.62,10.26,,5.36,5.78,5.55,5.45,4.88,4.72,,,4.72,"1,390",1127.9,946.0,9.7,39,,5.4,4.88,4.72,4.88,4.72,0.40,0.42,,6.6,10.90,0.3,100.0,,33,35,50,49,0.18,-0.11,0.2,-0.4,-0.3,-0.6,-0.250,-0.462,-0.26,-0.40,44.50,57.90,32.60,45.10,52.30,50.10,60.00,60.00,38.50,,3.74,30.7%,27.1%,,38.9,39,45,0.57%,0.70%
Armenia,ARM,"3,000,000","28,203",,31.5,25.7,54.70,0.755,0.759,51.70,,3,5.70,37.5,40.4,37.4,39.5,13019,14230,13311,14630,5.20,5.70,,2.25,2.81,2.76,2.71,2.26,2.56,2.71,,2.71,883,422.3,524.0,,26,,2.2,2.26,2.71,2.26,2.71,6.91,10.48,,16.8,20.90,0.1,100.0,,15,23,30,32,-0.71,-0.84,-0.1,-0.2,0.3,0.1,-0.160,-0.096,-0.56,0.07,47.40,33.10,40.50,50.80,68.70,65.30,70.00,70.00,25.80,,2.09,29.6%,24.6%,,18.1,18,34,4.44%,4.90%
Australia,AUS,"25,000,000","7,682,300",,30.3,21.2,43.10,0.939,0.951,78.90,,2.5,1.48,"1,224.9","1,250.8","1,250.7","1,269.2",50169,51748,53317,55807,2.87,1.48,,5.16,5.32,5.29,5.14,5.12,,,,5.12,"4,492",5364.5,5427.5,3.0,6,,5.2,5.12,,5.12,,0.43,1.46,,5.7,5.11,0.4,100.0,,40,39,58,56,0.9,0.85,1.5,1.5,1.9,1.8,1.680,1.674,1.80,1.74,93.40,95.20,77.40,87.00,80.90,77.70,90.00,90.00,36.00,,15.24,14.4%,24.6%,,28.7,29,31,1.98%,1.90%
Austria,AUT,"9,000,000","82,445",,30.5,30.5,46.80,0.908,0.916,80.30,,0.9,4.48,488.5,495.8,462.4,483.1,56960,58076,55686,58427,2.50,4.48,,5.45,5.46,5.48,5.37,5.22,,,,5.22,"5,138",5322.3,5242.2,17.3,5,,5.4,5.22,,5.22,-,0.04,0.06,,6.1,6.30,0.5,100.0,,37,37,57,56,1.04,0.91,1.5,1.6,1.4,1.3,1.810,1.788,1.53,1.27,80.90,94.60,73.50,82.90,71.80,73.80,70.00,70.00,51.80,,7.29,80.0%,83.9%,,30.6,34,40,0.80%,0.70%
Azerbaijan,AZE,"10,000,000","82,629",,33.7,-,48.00,0.757,0.745,51.1,,1.1,5.60,141.2,144.8,138.5,146.3,14549,15052,14479,15843,1.50,5.60,,2.63,2.95,2.90,2.47,2.46,2.68,,,2.46,"1,191",168.4,193.1,38.6,26,,2.6,2.46,2.68,2.46,2.68,3.89,10.46,,5.1,6.58,,100.0,,3,2,9,7,-0.76,-0.85,-0.2,0.2,-0.3,-0.1,-0.560,-0.585,-0.88,-0.83,36.80,15.90,39.90,28.60,64.30,61.60,60.00,60.00,36.80,,3.54,7.8%,12.3%,,16.8,17,18,5.27%,4.00%
Bahamas,BHS,"400,000","10,010",,-,-,-,0.807,0.812,60.40,,0.5,13.72,14.0,14.2,10.8,12.3,37066,38064,29065,34108,1.83,13.72,,2.50,2.25,2.33,2.42,2.25,2.29,2.37,2.78,2.78,"1,699",2002.4,2004.6,4.9,70,,-,2.25,2.78,2.25,2.78,,,,15.3,13.24,,100.0,,38,38,53,53,1,0.88,0.6,0.5,0.1,0.1,0.190,0.102,1.17,1.18,53.50,78.80,50.90,64.30,63.30,68.70,60.00,60.00,23.80,,7.29,0.0%,0.0%,,12.8,13,18,,
Bahrain,BHR,"1,300,000",760,,-,-,33.60,0.846,0.875,63.90,,3.2,2.23,72.8,74.4,70.7,72.3,47486,47224,43821,45411,2.11,2.23,,2.47,2.67,2.87,2.32,2.37,2.09,2.15,,2.15,"2,453",994.2,940.4,10.5,14,,2.5,2.37,2.15,2.37,2.15,1.04,2.34,,1.3,1.87,,100.0,,2,2,10,10,-0.95,-0.51,0.2,0.7,0.4,0.8,0.450,0.471,-0.14,0.17,55.10,27.40,51.80,41.60,67.70,62.00,80.00,80.00,33.40,,20.27,1.3%,1.5%,,7.5,15,15,3.56%,3.70%
Bangladesh,BGD,"165,000,000","130,170",,32.1,38.4,54.50,0.608,0.661,35.30,,6.4,6.94,838.8,904.9,936.1,"1,001.1",5322,5784,5995,6613,7.32,6.94,,,,1.54,,,1.33,,,1.33,88,41.9,45.9,5.1,173,,-,,1.33,,1.33,,,,4.1,5.23,,96.2,,19,15,26,24,-1.25,-0.97,-0.7,-0.6,-0.8,-0.8,-0.670,-0.611,-0.83,-0.96,32.60,28.10,21.20,22.20,55.10,52.70,30.00,40.00,13.90,,0.56,,3.9%,,20.3,20,21,1.27%,1.30%
Barbados,BRB,"300,000",430,,-,-,-,0.800,0.790,60.80,,0.5,1.40,4.5,4.4,3.8,3.9,15989,16154,14046,14817,-1.03,1.40,,6.14,5.38,4.71,4.37,5.43,3.20,3.06,6.45,6.45,"1,234",1164.5,1143.3,9.6,27,,6.2,5.43,6.45,5.43,6.45,1.61,2.65,,11.4,10.41,,100.0,,38,38,58,57,0.98,1.12,0.8,0.5,0.5,0.6,0.660,0.375,1.42,1.24,54.40,88.20,53.80,68.70,57.00,71.30,60.00,60.00,45.00,,4.36,1.0%,3.3%,,16.7,20,20,,
Belarus,BLR,"10,000,000","202,900",,26.5,21.7,42.90,0.808,0.808,59.90,,-3.9,2.51,179.1,181.6,180.0,184.5,19428,20093,20238,21699,3.15,2.51,,4.82,4.79,4.95,4.79,5.38,4.98,4.95,,4.95,"1,085",351.0,399.4,10.0,2,,4.8,5.38,4.95,5.38,4.95,1.30,5.24,,0.5,4.74,0,100.0,,6,2,15,6,0.03,-0.74,-0.4,-0.8,-0.7,-0.9,-0.820,-1.100,-0.26,-0.24,57.30,15.50,42.00,43.70,58.10,53.00,10.00,20.00,41.70,,6.12,23.8%,29.8%,,34.5,35,40,1.16%,1.20%
Belgium,BEL,"11,000,000","30,278",,25.9,23.7,42.50,0.916,0.937,77.50,,1.4,6.24,584.4,596.7,562.8,598.0,52535,54278,53070,58931,1.84,6.24,,6.59,6.45,6.46,6.43,6.38,,,,6.38,"4,782",5134.4,4960.4,56.5,5,,6.6,6.38,,6.38,-,0.52,0.89,,8.3,6.42,0.1,100.0,,39,39,56,57,0.42,0.61,1.2,1.1,1.2,1.3,1.340,1.326,1.50,1.48,69.50,91.20,70.90,83.60,67.50,69.60,70.00,70.00,54.10,,8.10,95.2%,52.0%,,38.0,38,42,1.08%,0.90%
Belize,BLZ,"400,000","22,806",,-,33.8,-,0.708,0.683,48.50,,1.5,9.75,2.7,2.8,2.3,2.6,7319,7455,6166,6921,2.04,9.75,,6.61,6.87,7.29,7.45,7.47,7.14,7.53,8.71,8.71,524,286.0,293.4,,36,,6.5,7.47,8.71,7.47,8.71,0.66,0.15,,11,8.22,,97.1,,36,34,50,53,0.05,0.46,-0.6,-0.5,-0.5,-0.4,-0.960,-0.778,-0.27,-0.30,53.50,70.20,34.70,38.10,57.10,56.60,50.00,50.00,33.90,,1.64,2.6%,3.2%,,9.4,9,13,1.25%,1.20%
Benin,BEN,"11,000,000","110,622",,36.5,13.4,41.40,0.515,0.525,34.50,,5.2,6.60,36.3,38.8,40.3,42.9,3236,3426,3505,3789,6.70,6.60,,3.16,3.17,2.90,3.54,2.93,2.97,3.00,,3.00,84,31.1,29.1,52.8,397,,4.3,2.93,3.00,2.93,3.00,2.79,6.72,,1,1.57,4.8,41.4,,33,17,49,42,0.05,-0.30,-0.6,-0.2,-0.5,-0.4,-0.620,-0.594,-0.55,-0.15,31.30,55.30,30.20,40.30,56.70,61.00,50.00,50.00,21.90,,0.62,,,,7.2,7,8,0.56%,0.70%
Bhutan,BTN,"800,000","38,394",,38.8,28.6,36.70,0.612,0.666,47.70,,7.7,-10.08,8.6,9.1,8.1,,11620,12366,11129,,3.06,-10.08,,6.04,7.59,6.99,7.23,6.85,5.68,,,5.68,287,102.7,116.0,36.1,183,,5.9,6.85,5.68,6.85,5.68,8.14,3.65,,2.4,4.33,,100.0,,28,29,27,32,1.13,0.97,0.6,0.8,-0.3,-0.4,0.630,0.636,1.57,1.55,51.60,60.90,50.90,73.50,61.80,59.30,30.00,30.00,30.50,,1.38,100.0%,100.0%,,8.5,15,17,,
Bolivia,BOL,"11,000,000","1,083,301",,47.0,23.3,45.00,0.693,0.692,44.80,,4.8,6.11,98.3,100.4,91.7,97.3,8862,9093,8283,9030,4.22,6.11,,8.26,8.94,8.85,8.66,8.90,,,,8.90,446,235.7,245.9,13.1,155,,7.3,8.90,,8.90,-,6.79,4.90,,3.7,8.51,0.9,97.6,,28,27,39,39,-0.3,-0.32,-0.4,-0.7,-0.9,-1.2,-1.210,-1.163,-0.66,-0.86,11.40,28.40,23.10,28.70,44.10,43.00,40.00,40.00,42.20,,1.94,32.5%,35.6%,,53.1,53,46,1.54%,1.40%
Bosnia and Herzegovina,BIH,"3,900,000","51,187",,33.8,25.3,47.80,0.768,0.780,50.20,,2.8,7.10,47.8,49.2,47.6,51.0,14918,15711,15598,16846,3.74,7.10,,,,,,,,,,-,"1,102",539.9,553.8,2.2,10,,-,,,,,13.28,,,25.8,15.22,,100.0,,21,19,34,34,-0.38,-0.38,-0.5,-1.0,-0.2,-0.2,-0.210,-0.279,-0.52,-0.64,43.70,37.20,28.40,33.40,61.40,63.40,60.00,60.00,44.10,,6.38,36.7%,37.3%,,21.4,21,26,0.89%,0.90%
Botswana,BWA,"2,200,000","566,730",,60.5,16.6,31.90,0.717,0.693,44.10,,-0.3,11.36,36.6,37.8,34.5,38.4,16610,17097,15471,17604,3.98,11.36,,,7.81,7.97,7.30,6.72,6.91,8.74,,8.74,970,494.2,481.5,77.5,144,,-,6.72,8.74,6.72,8.74,,,,18.4,24.72,,72.0,,28,28,44,44,1.03,0.98,0.4,0.4,0.5,0.6,0.510,0.482,0.80,0.69,54.70,70.10,56.60,61.40,69.90,64.80,70.00,70.00,34.90,,3.15,0.0%,0.2%,,9.5,10,11,2.86%,2.80%
Brazil,BRA,"209,000,000","8,358,140",,49.0,34.3,54.60,0.759,0.754,51.60,,-3.8,4.62,"3,072.5","3,110.1","2,989.4","3,127.5",15019,15358,14834,16056,1.78,4.62,,5.95,6.24,6.31,6.32,6.09,,,,6.09,"1,392",866.2,853.4,11.4,60,,5.9,6.09,,6.09,-,0.52,,,11.5,14.40,0.7,100.0,,31,31,47,42,-0.41,-0.49,-0.3,-0.5,-0.1,-0.1,-0.280,-0.280,-0.53,-0.48,55.50,57.20,31.40,40.00,51.40,53.30,50.00,50.00,40.50,,2.06,75.0%,86.0%,,10.7,15,15,1.19%,1.50%
Brunei,BRN,"400,000","5,265",,-,-,-,0.853,0.829,72.50,,-0.2,-1.61,25.9,26.9,27.2,26.8,61832,64719,65607,66620,0.05,-1.61,,3.35,,4.43,,,,,,-,"2,083",763.1,671.6,23.2,10,,3.4,,,,,0.77,1.68,,2,7.65,,100.0,,6,7,22,21,1.19,1.17,1.1,1.5,0.7,1.0,0.650,0.890,0.71,1.25,57.10,51.60,45.40,61.10,64.20,64.80,50.00,50.00,37.50,,16.13,0.1%,0.0%,,9.1,9,9,3.26%,3.30%
Bulgaria,BGR,"7,000,000","108,489",,40.2,20.4,40.10,0.813,0.795,59.90,,3,4.18,156.0,162.3,155.2,161.7,23016,24498,24564,26705,2.68,4.18,,,,,4.08,,,,,,"1,492",689.9,697.9,5.8,320,,-,,,,,13.30,,,8,5.42,0.3,99.7,,33,33,47,46,0.37,0.46,0.3,-0.1,0.6,0.4,-0.040,-0.044,-0.16,-0.24,42.50,61.10,38.20,45.60,68.30,71.00,60.00,60.00,36.30,,5.61,18.8%,21.1%,,23.8,24,24,1.59%,3.20%
Burkina Faso,BFA,"19,000,000","273,800",,39.5,17.9,41.50,0.423,0.449,33.40,,4,6.91,41.8,44.2,45.1,48.2,2168,2267,2274,2462,6.60,6.91,,4.05,3.67,,5.63,5.49,5.70,5.52,,5.52,96,40.3,42.3,24.3,548,,4.6,5.49,5.52,5.49,5.52,20.66,24.50,,3,4.76,8.4,19.0,,23,23,37,30,-0.92,-1.64,-0.6,-0.7,-0.4,-0.5,-0.400,-0.438,-0.11,-0.06,47.10,36.30,31.80,41.40,60.00,58.30,40.00,40.00,23.30,,0.25,9.9%,12.5%,,11.0,11,6,2.89%,2.40%
Burundi,BDI,"11,000,000","25,680",,42.4,15.6,37.70,0.417,0.426,28.30,,-4.1,1.80,8.5,8.7,8.7,8.8,780,783,771,793,1.61,1.80,,6.78,6.37,4.69,4.76,5.08,5.35,5.04,,5.04,64,22.4,20.6,3.4,,,-,5.08,5.04,5.08,5.04,6.39,10.11,,1.6,1.79,,11.7,,4,4,14,10,-1.97,-1.36,-1.3,-1.3,-0.8,-1.0,-1.400,-1.294,-1.28,-1.58,21.70,7.10,26.20,12.20,50.90,39.40,30.00,30.00,26.70,,0.06,87.0%,65.5%,,36.4,36,38,1.92%,1.80%
Cabo Verde,CPV,"500,000","4,033",,-,-,-,0.654,0.662,-,,1.8,6.95,3.7,3.9,3.4,3.6,7028,7475,6376,7028,4.53,6.95,,4.96,5.27,5.29,5.18,5.37,4.73,7.58,,7.58,310,190.5,177.9,6.7,58,,5.0,5.37,7.58,5.37,7.58,6.45,,,10.5,,,94.2,,37,38,53,54,0.9,-,0.2,-,-0.2,-,0.410,-,0.84,-,52.00,77.40,42.80,60.90,60.00,66.70,60.00,60.00,30.80,,1.18,30.7%,19.0%,,23.6,24,39,,
Cambodia,KHM,"16,000,000","176,515",,37.9,25.6,48.00,0.582,0.593,38.50,,6.9,3.03,67.6,72.4,70.1,72.2,4259,4574,4423,4683,7.47,3.03,,1.91,2.60,2.80,3.20,2.16,,,,2.16,210,92.9,113.3,39.2,160,,1.9,2.16,,2.16,-,9.31,10.85,,0.3,15.42,,86.4,,10,5,20,19,0.17,-0.13,-0.7,-0.4,-0.5,-0.6,-1.060,-0.900,-1.29,-1.18,24.50,20.90,17.70,12.30,58.70,57.10,50.00,50.00,21.20,,0.98,47.7%,50.1%,,20.3,20,22,2.32%,2.30%
Cameroon,CMR,"24,000,000","472,710",,44.6,16.7,39.90,0.556,0.576,32.10,,5.9,3.49,93.6,96.9,97.3,100.7,3801,3901,3867,4064,3.96,3.49,,2.58,2.66,2.56,3.06,3.03,3.08,3.17,,3.17,163,53.2,54.0,63.8,529,,-,3.03,3.17,3.03,3.17,,,,4.5,0.61,,64.7,,9,6,13,9,-1.08,-1.41,-0.8,-0.9,-0.8,-0.9,-1.020,-1.097,-1.18,-1.09,29.40,10.90,23.40,19.90,51.90,52.90,50.00,50.00,21.60,,0.36,77.0%,64.3%,,31.1,31,34,1.02%,1.10%
Canada,CAN,"37,000,000","9,093,507",,32.1,23.9,40.20,0.926,0.936,76.90,,1.2,4.56,"1,814.8","1,848.9","1,752.2","1,832.1",49993,49299,46572,52085,2.78,4.56,,,,,,,,,,-,"4,600",5018.7,5048.4,3.9,10,,-,,,,,0.21,,,7.1,3.87,,100.0,,40,40,59,58,1.11,0.94,1.9,1.6,1.9,1.6,1.800,1.627,1.92,1.65,77.10,96.40,78.30,86.70,77.70,76.60,80.00,80.00,39.90,,15.43,64.7%,68.8%,,26.3,27,30,1.32%,1.30%
Central African Republic,CAF,"4,900,000","622,984",,43.6,-,25.20,0.367,0.404,16.10,,4.3,0.90,4.4,4.5,4.5,4.6,955,986,989,1021,3.79,0.90,,2.22,1.91,1.75,1.75,1.57,1.77,2.17,,2.17,32,53.7,37.2,4.4,829,,-,1.57,2.17,1.57,2.17,,,,6.9,7.51,,15.5,,4,3,5,4,-1.94,-2.10,-1.8,-1.6,-1.5,-1.5,-1.730,-1.667,-1.17,-1.23,28.20,12.30,24.60,18.30,49.20,45.70,30.00,30.00,13.40,,0.05,86.2%,99.4%,,8.6,9,13,1.86%,1.50%
Chad,TCD,"15,000,000","1,259,200",,43.3,12.8,30.40,0.404,0.394,20.40,,1.8,-1.20,24.4,25.2,24.8,24.5,1614,1646,1592,1591,2.37,-1.20,,2.60,2.40,2.30,2.45,2.26,2.37,2.91,,2.91,100,29.7,29.9,11.6,1140,,-,2.26,2.91,2.26,2.91,25.72,,,5.8,1.88,8.4,11.1,,4,1,14,14,-1.34,-1.34,-1.5,-1.4,-1.2,-1.2,-1.300,-1.325,-1.43,-1.48,24.10,13.60,23.10,13.10,49.30,49.80,40.00,40.00,17.70,,0.14,,,,12.8,15,32,2.79%,2.20%
Chile,CHL,"18,000,000","743,812",,50.5,31.7,45.60,0.843,0.855,62.60,,2.1,11.67,468.9,472.5,444.2,496.1,25527,25323,25089,29104,3.99,11.67,,4.73,4.88,5.34,5.42,5.43,,,,5.43,"1,903",1455.1,1375.8,5.5,13,,4.7,5.43,,5.43,-,1.28,,,6.6,9.13,0.4,100.0,,37,38,57,56,0.38,0.06,0.9,0.6,1.3,1.0,1.010,0.914,1.04,0.98,63.40,91.40,61.20,71.40,75.20,74.40,70.00,70.00,25.00,,4.82,44.7%,48.3%,,15.8,23,35,1.96%,1.80%
China,CHN,"1,386,000,000","9,326,410",,46.5,25.7,41.90,0.752,0.768,50.80,,6.9,8.11,"21,229.4","22,492.6","22,996.4","24,861.3",15496,16652,17189,19338,6.75,8.11,,3.73,3.82,3.79,3.67,3.54,3.54,3.57,,3.57,762,501.1,535.1,57.9,29,,-,3.54,3.57,3.54,3.57,,,,4.6,4.82,0.1,100.0,,0,-2,14,11,-0.25,-0.48,0.4,0.8,-0.2,-0.3,-0.260,0.035,-0.27,0.05,65.40,37.40,47.30,39.30,57.80,48.00,20.00,20.00,30.70,,7.61,25.0%,29.2%,,24.2,25,25,1.74%,1.90%
Colombia,COL,"49,000,000","1,038,700",,51.1,40.7,60.20,0.843,0.752,49.10,,3.1,10.56,710.9,733.5,681.8,753.9,15044,15673,14868,16894,2.56,10.56,,4.63,4.47,4.48,4.54,4.45,4.51,4.93,,4.93,853,513.2,495.3,47.2,83,,4.7,4.45,4.93,4.45,4.93,2.28,1.21,,9.9,14.34,5.6,100.0,,29,29,36,35,-0.79,-0.91,-0.1,0.0,0.3,0.2,-0.360,-0.452,-0.37,-0.34,36.40,59.10,33.40,42.00,68.90,65.10,70.00,70.00,29.20,,1.61,69.4%,67.1%,,18.7,18,19,3.40%,3.20%
Comoros,COM,"800,000","2,235",,55.9,23.1,42.40,0.752,0.558,-,,1,2.35,2.6,2.6,2.6,2.7,3147,3188,3148,3284,3.64,2.35,,2.74,2.55,,,,,,,,121,69.4,72.3,12.2,273,,4.9,,,,,18.15,,,20,9.45,,86.7,,24,16,31,26,0.03,-0.23,-1.6,-1.8,-1.0,-1.2,-1.050,-1.225,-0.68,-1.29,28.20,21.20,27.50,20.10,56.20,50.40,30.00,30.00,27.20,,0.38,3.7%,0.4%,,6.1,6,17,,
Congo (Dem. Rep.),COD,"81,000,000","2,267,048",,42.1,-,40.50,0.457,0.479,24.8,,7.7,5.71,91.3,95.3,96.9,102.5,1112,1144,1142,1219,5.82,5.71,,1.95,2.17,2.12,1.45,,,2.45,2.70,2.70,34,18.5,20.6,33.0,473,,-,,2.70,,2.70,,,,3.6,5.43,,19.1,,2,2,19,15,-2.3,-1.61,-1.6,-1.7,-1.5,-1.4,-1.690,-1.704,-1.42,-1.55,23.90,13.20,27.30,11.80,52.10,47.60,20.00,20.00,13.20,,0.04,54.6%,28.9%,,8.9,9,13,0.56%,2.70%
Congo (Rep.),COG,"4,500,000","341,500",,48.9,18.8,47.20,0.606,0.571,32.7,,2.5,-3.50,20.6,20.6,19.3,18.6,4022,3987,3689,3617,-4.81,-3.50,,3.18,3.28,5.24,4.45,3.00,3.58,4.45,,4.45,203,49.5,48.6,11.4,378,,-,3.00,4.45,3.00,4.45,15.63,,,11.2,23.01,,49.5,,4,4,13,15,-0.53,-0.61,-1.2,-1.6,-1.3,-1.4,-1.100,-1.136,-1.33,-1.37,28.20,14.90,24.60,13.40,38.90,48.50,30.00,30.00,47.10,,1.35,99.8%,99.9%,,11.3,11,11,2.91%,0.70%
Costa Rica,CRI,"4,900,000","51,060",,48.5,44.7,62.10,0.794,0.809,58.90,,3.7,7.58,103.4,105.9,101.6,109.3,21319,22632,22244,23387,2.62,7.58,,6.68,6.87,6.89,7.07,6.77,6.80,6.71,,6.71,"1,286",909.7,921.6,14.0,27,,6.9,6.77,6.71,6.77,6.80,0.12,0.07,,9,17.95,0.9,99.9,,38,38,53,53,0.51,0.87,0.3,0.3,0.5,0.5,0.450,0.452,0.47,0.50,57.80,78.40,51.80,63.10,65.60,65.40,50.00,50.00,19.30,,1.63,99.1%,99.8%,,35.1,46,46,,0.00%
Cote d'Ivoire,CIV,"24,000,000","318,003",,41.5,14.4,39.60,0.794,0.550,30.50,,8.6,7.02,126.2,134.0,136.7,146.3,5154,5433,5465,5940,6.89,7.02,,3.31,3.49,3.97,3.80,3.24,3.72,3.44,,3.44,190,72.2,75.1,48.3,617,,4.6,3.24,3.44,3.24,3.44,6.18,3.34,,9.3,3.47,2.4,69.7,,19,19,32,30,-1.09,-0.95,-0.7,-0.5,-0.4,-0.3,-0.630,-0.634,-0.52,-0.37,44.20,30.00,36.60,33.80,62.00,61.60,50.00,50.00,22.60,,0.42,,,,10.6,11,14,1.25%,1.10%
Croatia,HRV,"4,200,000","55,974",,30.8,30.2,46.20,0.831,0.858,64.50,,1.6,10.45,115.2,119.3,109.6,121.1,28877,30544,28780,33801,2.90,10.45,,,,,3.85,3.91,,,,,"1,656",1014.2,1040.1,46.7,8,,-,3.91,,3.91,-,1.62,,,13.5,8.68,0.2,100.0,,37,36,49,49,0.75,0.71,0.6,0.6,0.4,0.5,0.330,0.303,0.19,0.06,56.50,69.90,40.50,50.00,61.00,67.60,60.00,60.00,47.40,,4.06,68.5%,59.2%,,18.5,19,31,2.74%,1.70%
Cuba,CUB,"11,000,000","109,820",,-,-,-,0.777,0.764,-,,4.3,-10.95,0.0,0.0,0.0,0.0,,,,,2.25,-10.95,,,,,,,,,,,-,986.9,1031.9,,36,,-,,,,-,2.16,0.20,,2.9,2.76,,100.0,,1,1,13,11,0.69,0.43,-0.2,-0.2,-1.3,-1.4,-0.430,-0.404,0.27,-0.01,10.00,15.60,38.10,39.90,31.90,29.50,10.00,10.00,62.40,,2.29,4.2%,4.6%,,48.9,53,53,...,2.90%
Cyprus,CYP,"800,000","9,241",,34.8,30.7,49.40,0.869,0.896,65.9,,1.6,5.51,34.8,36.6,34.8,36.7,40559,42339,39593,42556,5.69,5.51,,6.44,6.33,6.15,5.72,,,,,,"2,137",1981.8,1996.5,2.3,6,,-,,,,-,0.58,,,11.7,6.13,0.2,100.0,,38,38,56,55,0.6,0.44,0.9,0.7,1.0,0.9,0.880,0.637,0.78,0.39,56.70,90.90,41.30,62.90,67.80,72.90,60.00,60.00,39.60,,6.00,9.2%,13.3%,,17.9,18,14,1.99%,1.60%
Czech Republic,CZE,"11,000,000","77,247",,-,27.3,46.80,0.888,0.889,71.1,,4.2,3.34,424.5,437.3,412.0,425.8,41135,42847,41608,44261,3.20,3.34,,3.97,5.75,5.55,3.81,4.27,,,,4.27,"2,470",1765.6,1844.2,3.1,3,,-,4.27,,4.27,4.27,0.41,,,4,2.89,0,100.0,,37,36,56,55,1.02,0.96,1.0,1.1,1.2,1.3,1.120,1.126,0.57,0.64,57.90,81.80,51.10,59.60,74.20,74.40,80.00,80.00,41.40,,9.02,12.1%,15.6%,,20.0,22,25,1.43%,1.20%
Denmark,DNK,"6,000,000","42,434",,29.0,32.7,45.30,0.929,0.948,82,,1.2,4.69,325.5,332.4,325.5,340.8,57483,58701,60230,64651,1.99,4.69,,7.63,,,7.75,6.79,,,,6.79,"5,083",6216.8,6003.3,27.9,4,,-,6.79,,6.79,6.79,0.60,,,6.1,4.80,0.2,100.0,,40,40,57,57,0.87,0.95,1.8,2.0,1.6,1.8,1.860,1.936,2.19,2.37,83.60,89.60,84.10,99.50,76.60,78.00,80.00,80.00,54.60,,5.11,69.4%,85.2%,,37.4,37,40,1.37%,1.30%
Djibouti,DJI,"1,000,000","23,180",,40.9,16.4,-,0.476,0.509,-,,6.5,4.31,4.9,5.1,5.2,5.4,5181,5482,5533,5926,4.77,4.31,,,3.59,3.92,3.75,3.63,,,,3.63,147,71.1,61.8,31.7,248,,-,3.63,,3.63,3.63,37.89,33.48,,6.6,28.39,,61.8,,7,5,19,19,-0.71,-0.71,-1.0,-0.8,-0.6,-0.9,-0.910,-1.009,-0.64,-0.78,13.80,28.30,29.00,24.50,45.10,55.30,50.00,50.00,49.30,,0.43,,1.7%,,10.8,26,26,,3.70%
Dominican Republic,DOM,"11,000,000","48,320",,47.1,30.3,54.80,0.736,0.767,48.1,,7,12.27,188.2,197.7,184.4,207.1,18135,19190,17934,20769,6.98,12.27,,3.96,3.82,3.85,3.92,3.93,4.04,4.62,,4.62,873,461.5,491.1,19.5,95,,-,5.57,4.70,3.93,4.62,5.67,4.11,,14.4,8.50,0.4,100.0,,26,27,41,41,0.16,0.14,-0.4,0.0,-0.1,0.1,-0.420,-0.096,-0.74,-0.57,23.10,55.90,26.20,30.80,61.60,63.00,40.00,40.00,17.70,,2.54,12.2%,10.9%,,26.8,27,28,0.65%,0.70%
Ecuador,ECU,"17,000,000","276,841",,45.9,37.0,58.80,0.752,0.740,48.1,,0,4.24,197.5,197.5,182.2,189.9,11838,11850,10890,11661,1.29,4.24,,5.26,5.00,4.36,4.61,4.62,4.23,4.13,,4.13,980,495.2,486.5,16.6,59,,-,4.62,4.13,4.62,4.13,1.31,1.38,,5.4,6.43,2.1,98.8,,25,31,35,40,-0.1,-0.27,-0.3,-0.2,-1.0,-0.7,-0.700,-0.339,-0.60,-0.57,23.30,47.30,30.20,37.20,48.50,54.30,40.00,40.00,39.80,,2.26,54.1%,81.2%,,38.0,38,39,2.46%,2.30%
Egypt,EGY,"98,000,000","995,450",,31.8,23.8,43.20,0.696,0.731,43.1,,4.2,3.33,"1,118.7","1,180.9","1,223.0","1,263.7",11638,12260,12606,13316,5.31,3.33,,4.25,3.93,4.05,,,2.61,2.48,,2.48,495,125.5,149.8,3.1,37,,-,,2.48,,2.48,0.65,,,12,9.33,,100.0,,10,6,16,12,-1.42,-1.02,-0.6,-0.4,-0.9,-0.5,-0.530,-0.245,-0.54,-0.68,52.50,22.10,32.20,28.70,53.40,49.10,50.00,50.00,34.10,,2.48,8.7%,9.6%,,14.9,15,28,1.30%,1.20%
El Salvador,SLV,"6,000,000","20,721",,36.0,35.6,56.30,0.674,0.675,47.2,,2.4,10.80,55.3,56.6,51.8,57.4,8822,9147,8420,9669,2.43,10.80,,3.82,3.91,3.83,3.73,3.61,3.39,,,3.39,578,288.5,300.1,1.6,46,,3.4,3.61,3.39,3.61,3.39,,,,6.3,5.94,0.3,100.0,,34,26,36,33,-0.25,-0.21,-0.4,-0.3,-0.2,-0.3,-0.860,-0.848,-0.51,-0.53,35.40,46.80,25.20,36.10,63.20,59.60,60.00,60.00,21.30,,1.21,58.4%,71.2%,,32.1,31,27,1.37%,1.20%
Equatorial Guinea,GNQ,"800,000","28,051",,-,-,-,0.591,0.596,-,,-12.2,-0.95,26.7,25.2,24.2,23.9,20873,19385,18158,18127,-6.24,-0.95,,,,,,,,,,,790,310.6,254.9,3.6,301,,-,,,,-,,,,7.3,9.24,,66.7,,1,0,6,5,-0.15,-0.29,-1.4,-1.2,-1.4,-1.7,-1.490,-1.197,-1.83,-1.57,17.60,6.90,26.20,6.50,42.00,47.20,30.00,30.00,36.10,,3.95,45.9%,10.6%,,24.0,20,23,1.31%,1.10%
Eritrea,ERI,"5,000,000","101,000",,-,-,-,0.440,0.492,-,,4.8,,0.0,0.0,0.0,0.0,,,,,,,,,,,,,,,,,56,24.0,25.3,2.7,480,,-,,,,-,47.35,,,7.3,8.05,,52.2,,1,1,2,2,-0.66,-1.01,-1.7,-1.7,-2.2,-2.3,-1.560,-1.572,-1.20,-1.24,13.80,3.90,23.40,11.10,41.70,39.70,20.00,20.00,28.50,,0.25,1.0%,5.3%,,22.0,22,22,...,
Estonia,EST,"1,300,000","42,388",,34.8,17.9,34.40,0.871,0.890,70.8,,1.1,8.35,46.4,48.3,46.9,50.8,36249,37851,37645,42192,4.13,8.35,,4.39,5.14,5.16,4.96,5.26,,,,5.26,"1,887",1552.6,1598.8,35.4,9,,-,5.26,,5.26,-,2.16,,,6.9,6.33,0.3,100.0,,38,38,56,56,0.66,0.76,1.1,1.4,1.6,1.6,1.280,1.428,1.24,1.54,83.90,92.30,75.70,83.90,78.80,80.00,80.00,70.00,39.80,,7.67,16.5%,44.2%,,26.7,27,26,2.16%,2.10%
Eswatini,SWZ,"1,100,000","17,204",,50.4,15.5,35.30,0.588,0.597,-,,1.7,7.43,9.7,9.9,9.8,10.5,8725,9018,8865,9816,2.38,7.43,,7.07,5.36,5.41,6.14,5.68,5.65,5.34,5.00,5.00,-,298.1,264.1,,437,,-,5.68,5.00,5.68,5.00,16.35,,,25.3,25.76,,79.7,,1,1,15,16,-0.3,-0.03,-0.6,-0.7,-0.6,-0.6,-0.290,-0.561,-0.30,-0.65,35.30,36.90,26.90,32.10,55.90,51.40,40.00,40.00,34.10,,0.84,53.6%,54.6%,,6.2,7,10,1.70%,1.80%
Ethiopia,ETH,"105,000,000","1,000,000",,33.0,26.7,41.70,0.463,0.498,32.3,,10.2,5.64,229.8,249.0,264.1,278.9,2154,2315,2423,2600,6.82,5.64,,4.60,4.74,5.06,5.65,5.07,,,,5.07,66,24.3,26.7,3.2,401,,-,5.07,,5.07,5.07,,12.79,,5.7,3.69,,51.1,,4,12,8,11,-1.69,-2.07,-0.7,-0.6,-1.0,-0.9,-0.450,-0.606,-0.56,-0.40,37.60,20.50,37.70,33.20,52.80,49.60,20.00,20.00,17.70,,0.16,100.0%,100.0%,,38.8,39,43,0.53%,0.60%
Fiji,FJI,"900,000","18,274",,-,-,-,0.741,0.730,49,,4.3,-4.08,12.2,12.2,10.3,9.9,14177,14262,12158,12060,3.81,-4.08,,4.27,4.81,4.84,4.65,4.84,5.07,,,5.07,331,216.1,235.7,3.4,34,,-,4.84,5.07,4.84,5.07,,1.18,,7.9,5.24,0.2,100.0,,24,23,35,35,0.79,0.67,0.1,0.6,-0.2,0.0,-0.250,0.311,0.36,0.47,47.10,43.40,34.80,54.30,62.00,56.40,50.00,50.00,32.60,,1.83,46.2%,57.9%,,16.0,20,22,1.65%,1.60%
Finland,FIN,"6,000,000","303,815",,27.2,31.3,51.30,0.920,0.940,81.3,,0.4,3.47,265.0,268.3,262.1,271.2,49581,50322,50937,55007,1.14,3.47,,7.10,7.03,6.85,6.36,6.28,,,,6.28,"3,669",4515.7,4450.3,23.0,3,,7.2,6.28,,6.28,-,1.33,,,9,7.53,0,100.0,,40,40,60,60,1.07,0.98,1.9,2.0,1.8,1.9,2.030,2.058,2.22,2.27,82.70,97.80,89.80,96.40,74.10,78.30,80.00,80.00,57.10,,7.37,46.3%,53.2%,,42.0,42,46,2.03%,1.50%
France,FRA,"67,000,000","549,970",,29.3,30.4,51.80,0.901,0.903,73.9,,1.1,6.96,"3,038.6","3,094.6","2,851.6","3,050.1",46577,49072,46991,50729,1.87,6.96,,,,,5.45,5.41,,,,5.41,"4,542",4657.8,4491.7,,8,,5.5,5.41,,5.41,-,0.01,,,10,8.06,0,100.0,,38,38,52,51,0.21,0.37,1.4,1.3,1.2,1.2,1.440,1.289,1.26,1.31,72.70,85.50,65.10,75.90,63.90,65.90,70.00,70.00,57.00,,4.47,16.8%,23.7%,,39.0,40,40,1.95%,1.90%
Gabon,GAB,"1,900,000","257,667",,42.2,17.5,39.90,0.702,0.706,40.9,,4,1.51,31.2,32.5,31.9,32.4,15096,15577,15105,15598,0.84,1.51,,2.67,2.99,2.66,3.33,2.93,2.73,3.18,,3.18,481,218.5,215.0,3.6,252,,-,2.93,3.18,2.93,3.18,,,,18.5,22.26,,91.6,,4,3,19,18,-0.09,-0.09,-0.9,-0.8,-0.8,-0.8,-0.680,-0.696,-0.81,-0.85,27.80,18.60,33.40,24.40,58.00,55.80,40.00,40.00,22.60,,2.42,45.0%,58.2%,,17.1,,16,1.71%,1.60%
"Gambia, The",GMB,"2,100,000","10,120",,50.2,-,-,0.460,0.500,-,,4.4,5.63,4.9,5.2,5.2,5.5,2210,2320,2277,2434,7.23,5.63,,2.23,2.16,2.02,2.46,2.37,2.79,2.76,,2.76,-,35.8,29.7,51.4,597,,-,2.37,2.76,2.37,2.76,18.19,13.63,,29.7,11.21,,62.3,,20,21,21,26,-,0.18,-,-0.6,-,-0.9,-,-0.386,-,-0.36,38.80,37.20,36.80,38.10,52.30,58.00,50.00,50.00,29.40,,0.25,,1.0%,,10.3,10,9,0.75%,0.80%
Georgia,GEO,"3,700,000","69,700",,40.1,31.1,44.30,0.780,0.802,55.40,,2.8,10.36,53.1,55.8,52.0,57.4,14594,15622,14731,16997,4.84,10.36,,3.00,3.16,3.59,3.57,3.52,3.81,3.85,,3.85,718,312.7,291.1,33.0,25,,-,3.52,3.85,3.52,3.85,0.79,0.62,,11.6,10.66,1.5,100.0,,26,22,38,36,-0.37,-0.42,0.6,0.7,1.1,1.1,0.330,0.171,0.74,0.69,64.20,56.40,61.80,64.40,76.20,71.80,60.00,70.00,29.80,,2.72,78.9%,75.9%,,16.0,16,19,1.67%,2.00%
Germany,DEU,"83,000,000","348,672",,27.0,29.8,52.70,0.936,0.942,79.6,,1.5,2.89,"4,434.4","4,481.2","4,276.4","4,400.1",55235,55653,54845,57928,1.09,2.89,,4.92,4.86,4.84,4.87,4.98,,,,4.98,"5,357",5482.0,5440.3,47.2,7,,4.9,4.98,,4.98,-,0.69,,,4.3,3.54,0,100.0,,39,39,55,55,0.58,0.76,1.7,1.3,1.8,1.6,1.610,1.609,1.84,1.81,78.00,95.30,75.30,89.40,74.20,76.10,70.00,70.00,44.20,,7.91,31.8%,48.6%,,37.0,31,35,1.34%,1.30%
Ghana,GHA,"29,000,000","227,533",,42.3,21.4,39.50,0.592,0.632,40.2,,3.5,5.36,158.2,168.5,169.4,178.5,5442,5774,5750,6178,6.20,5.36,,4.40,4.43,4.39,3.53,3.89,,,,3.89,249,76.8,75.3,,308,,6.2,3.89,,3.89,-,3.62,5.98,,5.8,4.70,,85.9,,37,35,46,45,0.09,0.07,-0.1,-0.1,-0.1,-0.2,0.130,-0.081,-0.23,-0.11,43.70,57.00,32.90,45.40,56.00,59.80,60.00,60.00,26.50,,0.66,52.2%,38.5%,,12.7,13,15,0.49%,0.40%
Greece,GRC,"11,000,000","130,647",,36.7,23.6,48.80,0.870,0.887,64.1,,-0.2,8.34,312.8,318.4,289.7,313.8,29618,30356,27949,31295,1.67,8.34,,,3.66,,3.48,3.60,,,,3.60,"2,204",1572.7,1500.6,14.5,3,,-,3.60,,3.60,-,1.43,0.89,,23.9,14.80,0.4,100.0,,35,37,50,50,-0.13,0.15,0.3,0.4,0.2,0.4,0.080,0.350,-0.14,0.21,59.00,69.90,37.90,52.30,57.30,61.50,40.00,50.00,51.30,,5.60,29.7%,43.6%,,18.3,19,22,3.87%,2.60%
Guatemala,GTM,"17,000,000","107,159",,53.0,34.2,57.90,0.650,0.627,42.5,,4,7.53,138.3,143.7,141.5,152.1,8664,9019,8853,9769,3.32,7.53,,2.99,3.03,2.94,2.95,3.14,3.20,3.30,,3.30,444,259.6,271.0,,95,,2.9,3.14,3.30,3.14,3.30,10.63,10.55,,2.4,3.57,,97.1,,23,21,33,30,-0.57,-0.39,-0.6,-0.8,-0.3,-0.3,-1.060,-1.093,-0.74,-1.17,33.10,36.90,27.30,26.50,63.40,63.20,50.00,50.00,12.50,,1.16,61.7%,75.4%,,12.7,13,19,0.44%,0.40%
Guinea,GIN,"13,000,000","245,717",,39.4,-,38.10,0.459,0.465,28.3,,0.1,3.12,31.0,32.8,34.3,35.4,2559,2675,2754,2879,6.36,3.12,,2.42,2.52,2.54,2.32,2.38,1.85,2.20,,2.20,57,35.7,43.0,34.7,576,,2.4,2.38,2.20,2.38,2.20,,14.46,,6.8,6.34,3.1,44.7,,17,10,24,24,-0.61,-0.97,-1.0,-0.9,-0.8,-1.0,-1.230,-1.131,-1.01,-1.00,28.20,27.80,26.90,25.60,52.20,54.20,40.00,40.00,25.40,,0.31,50.0%,63.6%,,21.9,22,17,1.48%,2.00%
Guinea-Bissau,GNB,"1,700,000","28,120",,-,-,-,0.455,0.483,-,,4.8,3.80,3.6,3.7,3.6,3.8,1947,2021,1949,2057,1.28,3.80,,2.20,2.30,2.30,2.20,2.14,2.95,2.71,,2.71,100,61.2,62.6,58.3,667,,-,2.14,2.71,2.14,2.71,,,,6.5,6.76,4.7,33.3,,16,17,25,26,-0.6,-0.28,-1.8,-1.4,-1.2,-1.3,-1.440,-1.438,-1.56,-1.30,53.50,14.00,27.30,15.90,56.90,46.00,30.00,30.00,21.90,,0.17,,2.4%,,13.7,14,14,1.78%,1.40%
Guyana,GUY,"800,000","196,849",,44.6,-,-,0.654,0.714,42.8,,3,19.93,9.7,10.2,14.7,17.6,12776,13634,19703,24494,4.44,19.93,,4.36,3.90,4.74,4.66,4.45,,,,4.45,336,301.4,325.9,4.1,169,,-,4.45,,4.45,-,,,,11.4,16.42,,92.5,,32,30,42,43,-0.04,-0.14,-0.3,-0.2,-0.4,-0.5,-0.290,-0.398,-0.51,-0.17,42.50,47.40,34.80,41.50,58.70,59.50,30.00,30.00,31.20,,3.64,,2.4%,,31.9,32,36,0.96%,1.70%
Haiti,HTI,"11,000,000","27,560",,60.8,28.6,38.20,0.498,0.535,24.2,,1,-1.80,35.2,34.6,33.5,32.9,3241,3203,3095,3127,1.67,-1.80,,1.75,1.86,1.40,1.50,1.63,,,,1.63,120,63.1,57.0,3.4,480,,-,1.63,,1.63,-,,,,13.2,15.73,,46.9,,17,11,24,22,-0.7,-1.10,-2.1,-2.2,-1.3,-1.3,-1.090,-1.251,-1.24,-1.42,42.50,18.60,24.60,14.30,55.80,50.00,30.00,30.00,21.90,,0.29,8.4%,13.6%,,2.5,3,,0.19%,0.00%
Honduras,HND,"9,000,000","111,890",,47.1,27.2,57.70,0.617,0.621,41.9,,3.6,12.53,54.5,55.9,50.9,57.3,5816,5978,5420,6253,3.84,12.53,,7.09,6.41,5.16,4.94,6.06,4.91,6.44,,6.44,353,180.9,187.6,45.6,65,,-,6.06,6.44,6.06,6.44,15.70,,,6.3,8.51,4.3,93.2,,20,21,26,26,-0.55,-0.61,-0.5,-0.8,-0.4,-0.5,-1.050,-1.072,-0.72,-1.07,34.50,29.00,28.20,25.40,60.60,59.50,60.00,60.00,27.90,,1.05,43.6%,57.5%,,25.8,21,27,1.61%,1.60%
Hungary,HUN,"10,000,000","89,608",,28.2,26.4,45.40,0.838,0.846,66.1,,2.9,7.10,304.2,318.1,303.9,325.5,62514,62103,58980,65973,5.36,7.10,,4.60,4.49,4.61,4.61,4.62,,,,4.62,"1,912",1074.0,1062.4,17.3,12,,4.6,4.62,,4.62,-,2.43,2.47,,5.2,4.12,0.1,100.0,,28,26,44,43,0.81,0.86,0.5,0.6,0.7,0.5,0.530,0.531,0.09,0.04,57.10,62.20,36.40,44.40,66.70,66.90,70.00,70.00,48.50,,4.75,11.6%,17.9%,,10.1,13,13,1.64%,1.20%
Iceland,ISL,"300,000","100,250",,28.0,31.1,48.00,0.935,0.959,83.7,,4,3.70,20.0,20.5,19.2,19.9,31913,33515,33274,36753,4.89,3.70,,7.64,7.46,7.43,7.58,7.56,,,,7.56,"4,116",6565.9,6275.0,2.9,4,,-,7.56,,7.56,-,4.44,5.47,,3.8,5.40,,100.0,,37,37,58,57,1.37,1.37,1.5,1.6,1.4,1.5,1.610,1.755,1.84,1.79,72.60,94.80,77.30,85.30,77.00,77.00,70.00,70.00,43.10,,4.55,100.0%,100.0%,,47.6,38,48,...,0.00%
India,IND,"1,339,000,000","2,973,193",,35.2,29.2,36.40,0.640,0.633,40,,7.3,8.95,"8,811.1","9,140.5","8,537.6","9,301.5",6670,6972,6525,7334,6.45,8.95,,,4.11,4.25,4.31,4.36,4.41,4.47,,4.47,238,60.3,63.7,,145,,-,4.36,4.47,4.36,4.47,,5.37,,3.5,5.98,1.8,99.0,,35,33,42,33,-0.83,-0.62,0.1,0.3,-0.3,-0.1,0.000,-0.081,-0.24,-0.29,54.30,51.50,47.20,42.40,54.50,53.90,40.00,40.00,27.30,,1.80,15.1%,21.7%,,11.8,12,14,2.66%,2.40%
Indonesia,IDN,"264,000,000","1,811,569",,36.8,35.7,49.60,0.694,0.705,46.4,,4.8,3.69,"3,043.9","3,196.7","3,130.6","3,246.2",11643,12311,12072,12904,5.17,3.69,,3.29,3.58,3.50,2.67,3.00,2.84,,,2.84,369,111.7,120.1,42.6,177,,3.3,3.00,2.84,3.00,2.84,5.62,,,5.6,4.41,0.5,96.9,,30,30,34,29,-0.51,-0.51,0.0,0.4,-0.1,0.3,-0.350,-0.225,-0.25,-0.43,45.20,43.20,42.80,39.90,64.20,64.40,60.00,60.00,17.60,,2.29,11.2%,17.7%,,19.8,20,21,0.70%,0.70%
Iran,IRN,"81,000,000","1,531,595",,44.5,24.0,43.60,0.798,0.774,48.00,,0,1.76,"1,252.5","1,235.7","1,257.5",0.0,15677,15533,15791,,-2.25,1.76,,2.80,2.80,3.37,3.79,3.96,3.66,3.59,,3.59,"1,262",484.3,470.4,21.3,16,,2.8,3.96,3.59,3.96,3.59,,0.14,,11.3,11.46,0.2,100.0,,7,4,11,10,-0.93,-1.62,-0.2,-0.9,-1.2,-1.6,-0.680,-0.947,-0.81,-1.10,35.30,29.40,32.60,19.80,50.90,42.40,10.00,10.00,17.20,,7.60,5.4%,9.4%,,5.9,6,6,2.30%,2.30%
Iraq,IRQ,"38,000,000","437,367",,-,26.5,45.30,0.685,0.686,37.00,,2.4,2.78,405.7,428.1,379.6,390.2,10808,11349,9954,10409,2.63,2.78,,,4.49,4.71,,,,,,,481,239.4,253.3,1.5,79,,-,,,,-,,,,16,14.19,,100.0,,16,16,15,13,-2.33,-2.40,-1.3,-1.3,-1.2,-1.1,-1.640,-1.732,-1.37,-1.25,11.40,-,23.40,-,-,-,-,-,42.70,,4.44,3.9%,2.8%,,25.3,25,29,2.28%,3.50%
Ireland,IRL,"4,700,000","68,883",,31.3,30.0,51.10,0.938,0.945,80.30,,7.8,13.48,407.5,427.6,452.6,513.7,84556,87380,93350,106456,9.03,13.48,,4.88,3.76,3.74,3.51,3.39,,,,3.39,"5,335",5484.2,5428.6,11.1,5,,-,3.39,,3.39,-,0.00,0.14,,8.1,6.63,,100.0,,39,39,57,58,1.02,0.86,1.3,1.5,1.6,1.6,1.430,1.530,1.55,1.65,79.00,93.00,79.00,80.70,80.40,82.00,70.00,70.00,31.90,,7.25,29.7%,42.4%,,22.2,22,23,0.26%,0.30%
Israel,ISR,"9,000,000","20,330",,42.8,28.8,48.20,0.903,0.919,66.50,,2.6,8.19,354.5,367.8,359.9,389.4,39906,40004,39489,43722,3.98,8.19,,5.77,5.86,5.86,6.06,6.11,,,,6.11,"2,819",3329.2,3456.4,2.5,3,,5.7,6.11,,6.11,-,0.31,0.50,,5.6,5.05,0.2,100.0,,36,34,43,42,-0.88,-1.06,1.4,1.3,1.3,1.2,1.020,0.942,0.83,0.86,83.10,85.00,61.20,65.20,72.20,68.00,70.00,70.00,40.10,,6.92,2.0%,6.3%,,27.5,28,28,5.17%,5.30%
Italy,ITA,"61,000,000","294,140",,31.9,28.1,50.70,0.880,0.895,69.10,,0.8,6.64,"2,540.5","2,553.2","2,322.8","2,477.1",43036,44376,41988,45936,0.93,6.64,,4.06,4.07,3.82,4.04,4.26,,,,4.26,"3,351",3000.7,2905.5,11.4,2,,4.1,4.26,,4.26,-,3.15,3.50,,11.5,9.83,1,100.0,,36,36,53,54,0.24,0.58,0.5,0.4,0.7,0.5,0.320,0.269,0.19,0.54,60.90,78.60,40.10,57.30,62.50,65.40,50.00,50.00,50.30,,5.31,40.9%,44.2%,,31.0,36,36,1.52%,1.40%
Jamaica,JAM,"2,800,000","10,831",,35.0,36.9,57.90,0.732,0.709,49.70,,1.1,4.60,28.6,28.8,25.9,27.1,9967,10190,9241,10026,1.89,4.60,,6.02,5.46,5.31,5.26,5.41,5.16,5.62,6.03,6.03,511,319.9,327.4,12.9,80,,6.0,5.41,6.03,5.41,6.03,26.46,33.30,,13.3,9.18,,100.0,,34,34,43,46,0.25,0.22,0.5,0.4,0.1,0.2,-0.160,-0.168,-0.17,-0.03,56.60,70.60,39.40,49.00,69.10,67.40,50.00,50.00,27.60,,2.85,10.8%,11.9%,,17.5,17,29,1.41%,1.60%
Japan,JPN,"127,000,000","364,485",,37.9,28.3,47.10,0.909,0.925,75.20,,0.5,1.62,"5,293.0","5,280.3","5,042.3","5,124.0",42116,42283,42100,42940,0.58,1.62,,3.55,,3.15,3.13,3.08,,,,3.08,"4,405",4256.1,4360.5,8.9,5,,3.6,3.08,,3.08,-,,,,3.1,2.80,,100.0,,40,40,56,56,1.12,1.03,1.6,1.4,1.4,1.4,1.570,1.579,1.52,1.57,73.20,95.30,79.20,81.40,72.30,69.90,60.00,60.00,39.10,,8.54,17.4%,25.8%,,9.3,10,10,1.07%,0.90%
Jordan,JOR,"10,000,000","88,802",,39.7,-,43.90,0.735,0.720,48.70,,2.5,2.21,99.8,101.7,100.2,102.4,10253,10496,10354,10952,1.93,2.21,,3.80,3.45,3.45,3.23,2.98,2.99,,,2.99,568,335.2,334.0,1.8,46,,-,2.98,2.99,2.98,-,19.02,20.08,,13.2,19.25,,99.9,,12,11,25,22,-0.53,-0.28,0.1,0.2,0.1,0.2,0.260,0.213,0.26,0.05,57.30,42.60,51.90,49.50,64.90,60.10,60.00,60.00,32.00,,2.44,1.0%,15.5%,,15.4,15,12,5.02%,4.70%
Kazakhstan,KAZ,"18,000,000","2,699,700",,26.3,19.1,38.60,0.800,0.811,57.70,,1.2,4.00,466.9,487.9,475.7,494.7,26155,27464,26750,28600,4.10,4.00,,3.42,2.79,2.98,2.75,2.62,2.86,,,2.86,903,275.9,273.0,31.2,10,,-,2.62,2.86,2.62,-,0.99,9.61,,5.2,4.90,0,100.0,,5,5,17,18,0.02,-0.25,0.0,0.1,0.2,0.1,-0.410,-0.487,-0.82,-0.24,58.10,34.50,44.60,37.90,69.10,64.40,50.00,50.00,22.20,,11.46,9.3%,11.1%,,27.1,27,27,0.87%,1.10%
Kenya,KEN,"50,000,000","569,140",,48.5,24.2,45.20,0.590,0.575,35.40,,5.6,7.52,223.0,234.4,233.9,251.4,4443,4647,4587,5024,5.65,7.52,,4.72,4.74,4.90,4.96,5.11,4.97,5.08,4.80,4.80,157,73.5,83.4,15.7,342,,5.3,5.11,4.80,5.11,4.80,,,,11,5.74,,71.4,,19,19,29,29,-1.08,-1.09,-0.3,-0.3,-0.2,-0.4,-0.410,-0.390,-0.96,-0.71,44.00,39.00,27.50,30.90,54.70,52.60,50.00,50.00,27.40,,0.42,88.2%,88.5%,,21.8,22,22,1.12%,1.20%
Korea (Dem. Peopleâ€™s Rep.),PRK,"25,000,000","120,408",,-,-,-,-,-,-,,1,,0.0,0.0,0.0,0.0,2198,2192,2172,,,-,,11.23,9.86,10.09,10.86,11.97,12.39,,,12.39,-,,,2.7,89,,-,,,,-,,,,4.3,2.59,,52.3,,0,0,3,3,-0.48,-0.45,-1.7,-1.6,-2.3,-2.3,-1.710,-1.626,-1.48,-1.61,5.00,6.50,25.20,3.80,5.80,3.00,0.00,0.00,-,,2.18,2.1%,7.6%,,16.3,16,18,...,
Korea (Rep.),KOR,"51,000,000","96,920",,35.7,24.8,39.80,0.903,0.925,-,,2.6,4.02,"2,164.8","2,213.4","2,194.5","2,282.8",,,,,2.91,4.02,,,,,,,,,,,-,2543.6,2624.5,7.6,11,,5.1,4.46,,4.46,-,0.92,0.01,,3.7,3.53,,100.0,,33,33,51,50,0.29,0.66,1.1,1.4,1.1,1.1,1.160,1.127,0.48,0.76,63.70,77.10,49.90,69.20,73.80,74.60,70.00,60.00,32.30,,11.80,73.8%,85.0%,,17.0,17,19,2.78%,2.70%
Kosovo,-,"1,900,000","10,887",,23.2,-,-,-,-,-,,3.3,9.13,19.3,20.2,19.2,20.9,43044,42998,45226,46918,3.41,9.13,,,,4.33,4.33,4.46,,,,4.46,-,,,45.7,,,-,,,,-,,,,-,,,,,24,25,28,31,-0.21,-0.12,-0.4,-0.2,-0.1,-0.3,-0.420,-0.275,-0.50,-0.32,59.00,31.00,45.40,37.50,66.60,60.10,30.00,30.00,27.10,,,,,,-,,,0.94%,0.80%
Kuwait,KWT,"4,200,000","17,818",,-,-,33.30,0.803,0.831,65.70,,0.9,-8.86,211.3,210.1,191.5,0.0,52291,52055,47303,,2.43,-,,4.40,4.77,5.85,6.37,6.39,6.49,6.55,,6.55,"2,978",1733.8,1758.7,13.7,12,,-,6.39,6.55,6.39,6.55,,,,2.4,3.71,,100.0,,13,14,23,23,-0.04,0.30,-0.2,0.0,-0.1,0.2,0.100,0.261,-0.33,-0.03,53.50,42.00,36.60,43.80,62.20,58.30,60.00,60.00,51.50,,22.02,,0.1%,,3.1,3,2,6.69%,5.60%
Kyrgyzstan,KGZ,"6,000,000","191,801",,33.4,33.1,53.70,0.672,0.692,45.40,,3.5,3.61,32.5,33.9,31.1,32.2,5256,5480,4985,5288,3.76,3.61,,5.53,5.99,6.59,6.03,5.55,5.37,,,5.55,287,65.7,62.1,22.0,60,,5.5,5.55,5.37,5.55,5.37,0.29,0.12,,7.7,9.10,0.2,100.0,,12,4,25,23,-0.43,-0.43,-0.7,-0.7,-0.4,-0.6,-0.930,-1.074,-1.05,-1.12,22.10,11.80,29.40,28.80,62.80,55.80,50.00,50.00,37.30,,1.56,85.8%,92.4%,,19.2,19,20,1.67%,1.50%
Laos,LAO,"7,000,000","230,800",,36.7,-,42.80,0.601,0.607,37.80,,7,2.53,53.6,56.5,56.8,58.3,7774,8220,8238,8674,6.25,2.53,,2.94,,,2.52,2.37,2.30,2.23,,2.23,-,57.7,68.2,6.0,185,,2.9,2.37,2.23,2.37,2.23,8.51,8.24,,1.5,1.26,1.2,100.0,,1,2,11,11,0.43,0.73,-0.4,-0.6,-0.7,-0.9,-0.880,-0.642,-0.94,-1.04,41.40,11.10,33.10,20.40,53.60,49.20,20.00,20.00,26.30,,2.61,96.5%,64.4%,,27.5,28,22,...,0.20%
Latvia,LVA,"2,000,000","62,249",,34.5,17.1,34.10,0.847,0.863,66.10,,2.7,4.48,57.9,59.4,57.1,59.7,30877,31883,31425,34469,3.99,4.48,,5.28,5.28,4.66,4.37,4.24,,,,4.24,"1,429",1101.5,1166.8,,19,,5.3,4.24,,4.24,-,1.13,1.18,,9.9,7.60,0.2,100.0,,35,37,52,51,0.46,0.69,0.9,0.9,1.2,1.2,0.930,0.981,0.54,0.75,58.90,75.10,45.40,61.10,73.60,74.80,60.00,60.00,37.00,,3.96,51.5%,66.6%,,16.0,31,29,2.28%,2.00%
Lebanon,LBN,"4,600,000","10,230",,-,21.9,39.00,0.757,0.706,44.80,,1,-10.52,106.7,99.4,73.6,65.9,15933,15105,11377,10691,-1.88,-10.52,,2.00,2.10,2.12,2.13,2.52,2.59,,,2.52,"1,117",695.1,663.1,58.1,29,,-,2.52,2.59,2.52,,,,,6.8,14.49,,100.0,,11,13,32,29,-1.59,-1.49,-0.5,-1.3,-0.3,-0.9,-0.820,-1.074,-1.00,-1.23,33.60,27.40,20.20,22.80,53.20,47.30,50.00,50.00,26.90,,4.08,2.8%,3.9%,,3.1,5,5,...,4.20%
Lesotho,LSO,"1,900,000","30,355",,63.2,16.7,27.30,0.520,0.514,29.50,,2.5,1.02,5.5,5.6,5.2,5.3,2677,2768,2569,2682,-1.22,1.02,,7.20,9.00,7.76,8.16,7.29,7.99,7.67,8.70,8.70,251,124.7,124.2,7.7,544,,-,7.29,8.70,7.29,8.70,6.82,,,27.4,24.60,,47.4,,27,27,37,36,-0.25,-0.22,-0.9,-0.9,-0.3,-0.7,-0.270,-0.410,-0.03,-0.32,52.70,44.10,32.90,42.80,53.90,48.10,40.00,40.00,50.40,,0.36,100.0%,100.0%,,22.9,22,23,1.29%,1.50%
Liberia,LBR,"4,400,000","96,320",,32.0,22.2,46.00,0.435,0.481,30.60,,0,4.00,7.4,7.3,7.0,7.3,1581,1532,1468,1553,1.16,4.00,,2.20,2.17,2.15,2.66,2.50,2.27,2.31,2.69,2.69,128,61.2,52.6,9.5,661,,-,2.50,2.69,2.50,2.69,,,,4,4.09,,27.5,,27,27,35,33,-0.41,-0.24,-1.4,-1.4,-1.0,-1.0,-0.970,-0.926,-0.69,-0.92,42.40,23.40,32.00,25.10,50.90,47.90,20.00,20.00,36.80,,0.24,,1.3%,,12.3,12,11,0.95%,0.50%
Libya,LBY,"6,000,000","1,759,540",,-,-,42.70,0.706,0.718,-,,-6.4,31.37,166.7,148.0,112.6,147.9,25557,22764,17286,23357,7.94,31.37,,,,,,,,,,,-,,,22.0,72,,-,,,,-,,,,19.2,19.58,,69.7,,1,1,8,8,-2.33,-2.37,-1.8,-1.7,-2.2,-2.0,-1.780,-1.784,-1.59,-1.57,22.10,-,23.10,-,-,-,-,-,92.90,,8.38,,0.0%,,16.0,16,16,...,15.50%
Lithuania,LTU,"2,900,000","62,680",,37.9,21.0,36.90,0.858,0.875,67.4,,1.6,5.00,99.3,103.8,103.7,108.9,36376,38541,38881,42665,3.99,5.00,,4.49,4.23,4.00,3.81,3.89,,,,3.89,"1,875",1249.0,1370.0,2.3,8,,4.5,,,3.89,-,0.18,0.10,,9.2,7.90,0.4,100.0,,38,38,53,51,0.78,0.82,1.0,1.1,1.2,1.3,0.990,1.110,2.06,0.85,66.70,74.60,50.90,66.60,75.30,75.80,70.00,70.00,34.70,,4.20,48.1%,71.3%,,21.3,21,28,2.02%,2.00%
Luxembourg,LUX,"600,000","2,586",,30.4,13.2,31.70,0.904,0.930,83.20,,4.5,6.89,69.9,72.2,71.0,75.8,116966,117342,117846,134754,2.00,6.89,,3.86,3.77,,3.49,3.65,,,,3.65,"6,382",6227.1,6220.7,3.4,5,,4.0,3.89,,3.65,-,1.00,0.62,,5.9,5.23,0.1,100.0,,38,38,60,59,1.34,1.21,1.7,1.7,1.7,1.9,1.740,1.787,1.99,1.87,77.90,96.40,79.00,89.50,76.40,80.60,80.00,80.00,41.40,,15.31,,,,28.3,20,35,0.63%,0.60%
Macedonia,MKD,"2,100,000","25,433",,33.7,23.4,43.90,-,-,52.50,,3.7,3.96,33.5,34.8,32.7,34.0,16796,17546,16720,17918,2.88,3.96,,2.05,3.00,3.10,2.71,2.73,3.06,6.30,,6.30,857,399.1,436.9,,,,-,3.65,,,-,3.00,3.53,,26.7,16.20,1.2,100.0,,21,28,37,39,-0.25,0.12,0.1,-0.1,0.5,0.4,-0.240,-0.076,-0.31,-0.35,57.00,50.20,47.40,38.70,71.30,65.70,60.00,60.00,31.50,,4.00,32.7%,28.6%,,34.2,,,1.54%,1.20%
Madagascar,MDG,"26,000,000","581,540",,41.0,-,44.20,0.519,0.501,31.10,,3,4.40,41.8,43.7,40.5,42.3,1630,1687,1544,1635,3.20,4.40,,2.38,2.21,2.69,2.70,2.84,2.99,3.10,,3.10,77,22.3,19.8,5.5,335,,-,2.84,3.10,2.84,3.10,1.96,2.32,,2.1,2.59,,33.7,,24,27,32,34,-0.33,-0.64,-1.1,-1.0,-0.7,-0.8,-0.860,-0.867,-1.05,-0.93,21.40,33.40,17.80,23.00,56.80,58.90,50.00,50.00,15.40,,0.15,59.7%,41.3%,,19.2,19,18,0.77%,0.60%
Malawi,MWI,"19,000,000","94,080",,46.1,22.1,38.70,0.477,0.512,32.50,,3,2.75,27.2,28.6,28.9,29.7,1532,1602,1591,1658,4.39,2.75,,4.84,5.61,4.75,4.03,3.32,3.71,2.91,,2.91,108,37.4,30.4,7.4,349,,4.8,3.32,2.91,3.32,3.71,,,,6.7,7.02,29.3,14.9,,26,29,37,37,-0.27,-0.11,-0.7,-0.8,-0.8,-0.8,-0.370,-0.238,-0.65,-0.30,47.10,53.00,28.90,29.40,52.00,53.00,50.00,50.00,31.30,,0.08,99.1%,88.8%,,16.7,17,23,0.95%,0.90%
Malaysia,MYS,"32,000,000","328,657",,46.2,30.3,41.70,0.802,0.803,59.80,,5,3.13,869.5,908.1,856.8,883.6,28236,29621,27921,29617,4.84,3.13,,5.21,4.89,4.75,4.68,4.48,4.16,3.92,,3.92,"1,064",426.5,436.6,5.3,29,,5.2,4.48,3.92,4.48,3.92,0.26,1.60,,3.3,4.61,,100.0,,18,20,27,30,0.16,0.14,0.8,1.0,0.7,0.7,0.410,0.558,0.03,0.17,65.20,57.60,54.80,53.90,74.50,68.10,50.00,50.00,24.90,,7.93,10.4%,17.9%,,10.4,14,15,1.06%,1.00%
Maldives,MDV,"400,000",298,,38.4,-,-,0.717,0.747,-,,1.9,30.96,9.7,10.4,6.9,9.0,19243,20334,13442,18232,8.12,30.96,,3.09,3.89,3.69,3.89,3.91,4.12,,,4.12,"1,514",786.4,854.4,17.8,53,,3.5,3.91,4.12,3.91,4.12,3.42,2.00,,3.2,6.08,,100.0,,14,19,21,21,0.26,0.50,-0.5,0.4,-0.4,-0.5,-0.620,-0.172,-0.79,-0.37,38.80,32.10,36.60,43.10,51.10,47.30,30.00,30.00,42.60,,3.97,,0.4%,,5.9,6,5,,
Mali,MLI,"19,000,000","1,220,190",,40.1,-,39.30,0.427,0.428,29.70,,6.1,3.07,43.6,45.6,45.1,46.5,2338,2420,2348,2447,4.75,3.07,,3.65,3.80,3.09,3.79,3.91,3.48,3.76,,3.76,118,33.4,34.3,5.6,562,,3.6,3.91,3.76,3.91,3.76,40.99,,,8.1,7.72,3,50.6,,17,8,27,24,-1.91,-2.35,-0.9,-1.2,-0.6,-0.6,-0.780,-0.902,-0.63,-0.87,32.40,34.10,31.40,28.30,57.60,55.90,40.00,40.00,22.20,,0.30,54.0%,31.5%,,8.8,9,27,2.82%,2.70%
Malta,MLT,"400,000",316,,28.1,29.0,43.50,0.878,0.918,68.80,,6.3,9.41,21.6,22.9,21.0,22.9,45569,47408,43243,47714,6.03,9.41,,7.00,5.02,5.08,4.65,,,,,,"3,471",2753.5,2531.9,35.0,6,,7.2,,,,,,,,5.3,3.50,0.1,100.0,,36,35,56,54,1.27,0.97,1.0,0.9,1.3,0.8,1.140,0.864,0.74,0.32,62.80,89.90,49.90,55.80,68.50,71.50,60.00,50.00,40.40,,3.29,7.9%,11.5%,,11.9,12,13,0.51%,0.60%
Mauritania,MRT,"3,800,000","1,030,700",,37.0,18.0,34.70,0.520,0.556,28.90,,1.9,2.30,22.9,24.2,23.8,24.3,5317,5570,5390,5592,4.53,2.30,,,,1.94,,,1.82,1.88,,1.88,177,57.3,57.9,14.8,766,,-,15.20,15.75,15.20,15.75,19.69,23.14,,11.7,11.46,,47.3,,9,14,21,21,-0.62,-0.67,-0.7,-0.7,-0.8,-1.1,-0.600,-0.671,-0.75,-0.82,17.60,29.90,28.90,23.50,54.00,55.30,40.00,40.00,30.10,,0.87,,,,25.2,20,20,2.38%,2.80%
Mauritius,MUS,"1,300,000","2,030",,35.9,27.4,51.50,0.790,0.802,60.20,,3.4,4.04,28.1,28.9,24.6,25.6,22739,23835,20529,22240,3.76,4.04,,4.92,4.89,5.01,5.02,4.83,4.72,4.61,,4.61,"1,099",656.6,685.9,29.0,61,,4.9,,1.88,,1.88,1.30,0.33,,7.8,7.41,,99.7,,37,36,52,50,0.99,0.86,0.9,0.8,1.0,1.2,0.680,0.873,0.20,0.47,69.60,81.70,52.10,56.50,75.10,70.90,70.00,70.00,25.40,,3.29,23.8%,24.6%,,11.6,12,20,0.17%,0.20%
Mexico,MEX,"129,000,000","1,943,945",,48.2,40.7,54.30,0.774,0.758,49.1,,2.5,4.80,"2,514.8","2,510.1","2,305.1","2,415.7",20096,19863,18671,20036,2.19,4.80,,5.26,5.23,4.91,4.52,4.25,,,,4.25,"1,009",521.0,540.4,25.5,33,,5.3,4.83,4.61,4.25,-,0.70,0.79,,4,4.38,1,99.4,,26,27,36,33,-0.65,-0.64,0.0,-0.3,0.2,-0.2,-0.570,-0.800,-0.93,-1.00,39.00,40.70,26.90,32.00,64.80,63.70,60.00,60.00,27.00,,3.52,16.0%,21.9%,,42.6,48,50,0.68%,0.50%
Moldova,MDA,"3,600,000","32,891",,26.8,-,51.00,0.700,0.767,48.7,,-1.1,13.94,33.5,34.7,32.2,36.6,12659,13576,12942,15637,4.30,13.94,,6.27,5.81,5.61,5.62,5.44,6.10,6.39,,6.39,515,276.5,284.3,36.3,19,,7.5,5.44,6.39,5.44,6.39,0.65,0.79,,5,3.96,,100.0,,26,27,35,35,-0.24,-0.21,-0.5,-0.4,0.0,0.0,-0.410,-0.332,-0.80,-0.45,26.30,30.70,26.60,34.70,58.40,61.30,50.00,50.00,38.00,,3.32,5.6%,4.9%,,22.8,23,40,0.41%,0.40%
Mongolia,MNG,"3,000,000","1,553,556",,34.0,14.3,24.50,0.741,0.739,50.6,,2.3,1.42,38.1,40.3,38.4,39.0,12316,13013,12366,12863,7.74,1.42,,4.71,4.22,5.18,4.07,6.17,4.94,,,4.94,470,159.4,163.4,,,,4.7,6.17,4.94,6.17,4.94,,,,6.7,7.08,0.1,98.1,,36,36,49,48,0.82,0.65,-0.3,-0.5,-0.1,-0.2,-0.300,-0.225,-0.45,-0.53,30.90,57.10,34.80,37.00,55.70,63.90,60.00,50.00,37.80,,,3.3%,9.9%,,17.1,17,17,0.66%,0.70%
Montenegro,MNE,"600,000","13,452",,31.9,25.1,41.30,0.814,0.832,-,,4.1,12.43,12.9,13.4,11.3,12.8,21513,23073,19990,22795,5.08,12.43,,,,,,,,,,,957,731.5,735.2,13.2,45,,-,,,,-,0.72,0.62,,17.5,18.49,1,100.0,,25,26,42,41,0.01,-0.15,0.2,0.0,0.3,0.4,0.010,-0.059,-0.09,-0.02,51.30,43.00,38.10,46.40,64.30,57.80,50.00,50.00,46.30,,7.15,50.9%,59.5%,,23.5,23,25,1.74%,1.60%
Morocco,MAR,"36,000,000","446,300",,40.9,32.7,50.90,0.667,0.683,45.8,,4.5,7.37,272.5,279.6,262.0,281.4,7625,7865,7369,8144,3.15,7.37,,,4.65,,5.12,5.35,5.93,6.75,,6.75,435,174.8,174.2,2.5,70,,-,5.35,6.75,5.35,6.75,0.21,0.45,,10,11.47,,100.0,,14,13,25,24,-0.41,-0.40,-0.2,-0.1,-0.2,-0.1,-0.170,-0.253,-0.13,-0.43,44.30,32.70,41.30,41.00,61.90,59.20,70.00,70.00,31.40,,1.96,15.7%,18.2%,,20.5,21,23,4.18%,3.10%
Mozambique,MOZ,"30,000,000","786,380",,45.6,23.7,44.20,0.437,0.446,26.70,,6.3,2.22,38.0,38.9,38.4,39.3,1321,1336,1297,1342,3.44,2.22,,6.88,6.01,5.87,5.51,5.45,6.08,6.26,,6.26,64,40.7,39.5,49.0,289,,-,5.45,6.26,5.45,6.26,6.07,0.87,,24.4,3.98,,30.6,,20,14,32,29,-0.98,-1.23,-0.9,-0.8,-0.7,-0.8,-1.010,-1.035,-0.86,-0.81,36.30,44.10,28.20,26.30,46.30,51.30,50.00,50.00,36.20,,0.25,87.0%,79.5%,,39.6,40,42,1.51%,0.90%
Myanmar,MMR,"53,000,000","676,575",,-,24.7,40.00,0.578,0.585,37.00,,7,-17.98,240.0,256.2,264.3,216.8,4575,4940,5123,4345,6.40,-17.98,,1.90,2.10,1.90,2.33,2.16,2.14,,,2.16,267,59.2,60.0,19.1,250,,-,2.16,2.14,2.16,2.14,1.95,,,0.8,2.17,,70.4,,13,0,18,9,-1.08,-2.07,-1.1,-1.4,-0.8,-1.1,-0.950,-1.456,-0.56,-1.03,17.60,16.70,28.20,29.80,53.90,49.60,20.00,20.00,22.60,,0.68,60.1%,48.3%,,10.2,10,15,3.33%,
Namibia,NAM,"2,300,000","823,290",,59.7,21.6,36.80,0.647,0.615,39.10,,4.5,2.43,24.7,24.5,22.5,23.1,10328,10223,9359,9805,1.06,2.43,,9.58,9.85,10.64,9.71,8.88,8.93,9.45,9.64,9.64,942,464.5,427.3,,195,,-,8.88,9.64,8.88,9.64,1.52,1.61,,25.6,21.68,,56.3,,30,31,47,46,0.65,0.55,0.2,0.1,-0.2,0.0,0.240,0.362,0.32,0.26,54.20,67.60,45.40,53.90,58.50,59.20,40.00,40.00,40.70,,1.69,97.9%,96.0%,,41.3,46,44,3.00%,3.00%
Nepal,NPL,"29,000,000","143,351",,32.8,30.5,53.10,0.574,0.602,41.70,,3.4,4.25,106.0,113.1,110.4,115.1,13960,14097,14337,15103,7.62,4.25,,3.47,3.26,3.90,4.77,4.43,4.24,4.39,,4.39,151,51.1,53.2,23.8,186,,4.0,4.43,4.39,4.43,4.39,,4.35,,3.2,5.05,,89.9,,25,25,30,32,-0.66,-0.24,-0.9,-0.9,-0.7,-0.6,-0.680,-0.467,-0.75,-0.53,36.20,34.10,24.60,33.80,54.10,49.70,30.00,30.00,20.30,,0.47,100.0%,100.0%,,29.6,33,33,1.34%,1.60%
Netherlands,NLD,"17,000,000","33,893",,30.3,35.3,54.90,0.931,0.941,80.30,,1.9,5.04,966.0,984.9,947.5,995.2,57827,59004,59267,63767,2.36,5.04,,5.46,5.35,5.48,5.18,5.36,,,,5.36,"5,313",5337.0,5335.3,1.8,5,,5.5,5.36,,5.36,-,,,,6.2,4.01,,100.0,,40,39,59,58,0.92,0.92,1.9,1.8,2.1,1.8,1.830,1.739,1.87,2.04,74.10,96.90,86.00,92.30,76.20,79.50,80.00,80.00,45.00,,8.44,14.7%,29.1%,,36.0,36,39,1.42%,1.30%
New Zealand,NZL,"4,700,000","264,537",,36.2,31.3,57.40,0.917,0.937,78.60,,3.4,4.65,210.0,214.7,212.0,221.8,42521,45555,44658,46420,3.36,4.65,,6.34,6.33,6.41,6.26,6.05,,,,6.05,"3,530",4037.5,4211.0,5.7,9,,6.4,6.05,,6.05,-,0.38,0.41,,5.2,4.12,,100.0,,40,40,58,59,1.59,1.44,1.8,1.4,2.1,1.8,1.920,1.818,2.24,2.20,88.40,95.90,95.70,97.50,84.20,80.60,80.00,80.00,41.00,,6.83,80.8%,81.0%,,34.2,38,49,1.37%,1.50%
Nicaragua,NIC,"6,000,000","119,990",,47.1,38.7,55.20,0.658,0.667,43.50,,4.5,10.34,37.0,35.6,35.0,38.6,5867,5676,5574,6332,-3.36,10.34,,4.08,4.08,4.08,4.36,4.47,4.60,4.63,,4.63,406,173.5,160.8,3.6,98,,-,4.47,4.63,4.47,4.63,,,,5.9,5.96,,88.9,,12,5,32,18,-0.05,-0.47,-0.6,-0.9,-0.7,-0.8,-0.640,-1.356,-0.87,-1.24,19.00,19.50,24.20,19.00,58.90,54.80,50.00,50.00,25.80,,0.80,51.6%,60.0%,,45.7,46,51,0.60%,0.70%
Niger,NER,"21,000,000","1,266,700",,34.0,16.8,41.40,0.354,0.400,-,,4,1.35,26.9,28.5,29.6,30.0,1229,1276,1288,1310,7.21,1.35,,5.10,4.49,2.96,2.58,3.46,3.53,3.84,,3.84,68,30.3,31.4,72.2,509,,6.7,3.46,3.84,3.46,3.84,41.30,41.03,,2.6,0.75,15.6,19.3,,20,23,29,28,-1.3,-1.62,-0.7,-0.6,-0.7,-0.7,-0.680,-0.405,-0.65,-0.55,32.60,35.90,30.40,32.50,49.50,54.90,40.00,40.00,30.10,,0.09,0.8%,4.1%,,17.0,17,26,1.84%,1.80%
Nigeria,NGA,"191,000,000","910,768",,48.8,22.2,34.10,0.532,0.535,26.50,,2.7,3.65,"1,009.7","1,032.0","1,013.5","1,050.5",5278,5352,5186,5459,1.92,3.65,,,,,,,,,,,215,66.5,71.5,13.8,917,,-,,,,-,,,,5,9.79,9,55.4,,25,20,25,23,-1.94,-1.78,-1.0,-1.0,-0.9,-0.9,-0.870,-0.856,-1.07,-1.07,39.60,33.80,14.40,22.70,58.50,54.40,40.00,40.00,11.00,,0.57,19.0%,21.0%,,5.6,6,4,0.97%,0.50%
Norway,NOR,"5,000,000","304,282",,26.8,36.8,50.90,0.953,0.961,85.30,,1.6,3.92,341.8,344.3,341.9,355.3,69808,66799,62645,79201,1.12,3.92,,7.70,7.57,8.03,7.91,7.64,,,,7.64,"6,222",8271.9,8007.4,23.6,2,,7.7,7.64,,7.64,-,0.00,0.01,,4.8,4.99,0.2,100.0,,40,40,60,60,1.15,1.10,2.0,1.8,1.8,1.6,2.020,1.950,2.24,2.14,86.00,97.30,93.60,96.00,74.30,76.90,60.00,60.00,48.60,,6.72,98.5%,99.0%,,39.6,41,45,1.84%,1.70%
Oman,OMN,"4,000,000","309,500",,-,21.1,-,0.821,0.816,62.10,,4.1,-3.20,157.4,155.6,150.7,0.0,33373,32604,31118,,1.29,-3.20,,,,,5.84,5.21,5.41,,,5.41,"1,636",678.0,624.7,35.3,19,,-,5.21,5.41,5.21,5.41,3.24,1.63,,17.5,3.12,,100.0,,6,6,17,18,0.74,0.51,0.2,-0.1,0.4,0.3,0.430,0.406,0.25,0.09,57.40,27.10,51.50,53.30,61.00,56.60,60.00,60.00,50.00,,15.28,,0.0%,,1.2,1,2,7.34%,8.80%
Pakistan,PAK,"197,000,000","770,875",,30.7,31.5,45.10,0.562,0.544,27.90,,4.2,6.03,"1,123.6","1,151.6","1,136.3","1,204.9",5421,5542,5426,5878,6.15,6.03,,2.47,2.65,3.00,2.90,,2.51,,,2.51,134,42.9,39.5,12.3,140,,2.5,,2.51,,2.51,,,,5.9,4.35,0.6,75.4,,19,15,24,22,-2.4,-1.67,-0.6,-0.4,-0.6,-0.7,-0.720,-0.637,-0.78,-0.79,34.00,28.50,27.30,27.40,54.40,48.80,40.00,40.00,19.80,,0.88,33.0%,33.8%,,20.6,20,20,3.83%,4.00%
Panama,PAN,"4,000,000","74,340",,50.7,39.5,57.90,0.789,0.805,54.5,,5.8,15.34,129.6,133.5,109.6,126.4,31781,32767,26780,31680,3.69,15.34,,,2.84,2.85,2.88,2.88,3.13,3.91,,3.91,"1,543",1131.7,1192.8,10.0,52,,-,2.88,3.91,2.88,3.91,,10.51,,5.8,12.09,0.4,96.7,,35,35,48,48,0.39,0.29,0.0,0.2,0.4,0.2,0.040,-0.247,-0.54,-0.57,29.40,50.70,38.80,38.00,67.00,65.40,70.00,70.00,23.10,,3.14,66.5%,66.5%,,18.3,18,23,...,0.00%
Papua New Guinea,PNG,"8,000,000","452,860",,50.9,-,-,0.544,0.558,-,,9,1.50,36.1,37.7,36.4,36.9,4290,4474,4286,4445,-0.28,1.50,,,,,1.96,1.87,,,,1.87,99,63.5,65.1,3.7,145,,-,1.87,,1.87,-,,,,2.5,2.75,,60.4,,25,23,38,39,-0.58,-0.58,-0.7,-0.9,-0.7,-0.8,-0.820,-0.740,-0.90,-0.76,55.10,44.20,33.10,26.20,55.70,54.60,30.00,30.00,24.50,,0.86,23.8%,20.8%,,0.0,0,0,0.38%,0.40%
Paraguay,PRY,"7,000,000","397,302",,51.7,23.3,47.60,0.702,0.717,46.20,,3,4.20,89.2,88.9,88.1,91.8,13134,13148,13035,13976,3.20,4.20,,4.79,3.34,,3.09,3.28,3.47,3.30,,3.30,724,390.0,388.4,14.2,129,,-,3.28,3.30,3.28,3.30,,,,5.4,7.21,0.2,100.0,,27,28,37,37,0.12,0.00,-0.8,-0.6,-0.2,-0.2,-0.650,-0.557,-0.72,-1.01,28.20,37.90,28.30,29.50,62.10,62.90,60.00,60.00,24.40,,1.17,100.0%,100.0%,,13.8,15,16,0.97%,1.00%
Peru,PER,"32,000,000","1,279,996",,45.3,34.6,55.90,0.750,0.762,49.30,,3.3,13.35,408.9,418.0,372.2,421.9,13087,13401,11908,13895,3.97,13.35,,3.70,3.97,3.81,3.93,3.71,3.82,4.25,,4.25,671,365.9,370.1,20.9,88,,3.7,3.71,4.25,3.71,4.25,1.42,,,4.9,4.83,1.8,99.3,,31,30,42,42,-0.26,-0.41,-0.1,-0.3,0.4,0.1,-0.500,-0.516,-0.50,-0.63,33.50,49.70,36.60,39.70,68.70,66.50,60.00,60.00,21.90,,1.75,54.0%,61.6%,,27.7,28,40,1.12%,1.20%
Philippines,PHL,"105,000,000","298,170",,44.4,35.0,57.10,0.699,0.699,44.50,,5.8,5.70,908.3,963.8,872.1,921.8,8720,9291,8394,9120,6.34,5.70,,2.79,3.33,3.57,4.40,3.13,3.23,3.88,,3.88,323,128.6,142.1,15.7,121,,-,3.13,3.88,3.13,3.88,3.80,3.56,,5.9,2.41,0.5,96.8,,27,25,35,30,-1.24,-0.93,-0.1,0.1,0.0,0.1,-0.410,-0.642,-0.48,-0.51,38.20,25.60,34.40,34.70,65.00,61.10,60.00,60.00,18.90,,1.35,26.5%,21.8%,,29.5,29,28,1.04%,1.00%
Poland,POL,"38,000,000","304,255",,30.8,27.5,45.00,0.865,0.876,67.70,,3.6,5.73,"1,202.8","1,259.9","1,227.9","1,298.3",31953,33798,34287,37503,5.35,5.73,,4.94,4.81,4.63,4.56,4.62,,,,4.62,"1,704",978.7,1014.0,52.4,2,,4.9,4.62,,4.62,-,2.16,1.14,,6.2,3.37,0.1,100.0,,36,34,49,47,0.52,0.51,0.6,0.3,0.9,0.8,0.470,0.445,0.73,0.57,56.60,54.70,50.90,60.60,68.50,68.70,70.00,70.00,41.70,,7.77,14.6%,20.4%,,28.0,28,28,2.12%,2.00%
Portugal,PRT,"10,000,000","91,470",,33.9,24.8,46.30,0.847,0.866,70.80,,1.5,4.88,350.1,359.5,329.1,345.2,34929,36172,34177,35888,2.85,4.88,,5.12,4.89,,5.02,4.68,,,,4.68,"2,661",2216.3,2221.4,16.2,8,,5.1,4.68,,4.68,-,0.42,0.36,,11.2,6.65,0.2,100.0,,39,39,58,56,1.08,0.95,1.3,1.0,0.9,0.7,1.130,1.133,0.87,0.77,70.10,92.10,56.80,67.80,63.40,70.80,60.00,60.00,48.40,,4.34,49.8%,61.6%,,34.8,35,40,2.07%,1.90%
Qatar,QAT,"2,600,000","11,586",,-,-,24.30,0.856,0.855,70.80,,3.3,1.52,253.0,255.0,245.7,249.5,93143,93844,89961,93521,1.23,1.52,,3.61,,,2.97,,2.80,3.23,,3.23,"3,900",1730.2,1807.2,5.6,9,,3.6,,3.23,,3.23,1.34,1.92,,0.2,0.26,,100.0,,7,7,17,18,0.55,0.96,0.7,1.1,0.4,0.9,0.720,0.928,0.73,0.81,59.80,38.80,71.60,60.00,72.60,67.70,60.00,60.00,36.40,,32.47,,0.0%,,0.0,10,4,4.81%,1.50%
Romania,ROU,"20,000,000","229,891",,27.3,28.8,46.20,0.811,0.821,60.00,,3.7,5.88,555.5,578.7,557.0,589.8,29342,31867,32202,35414,4.47,5.88,,3.12,3.11,2.98,3.10,3.34,,,,3.34,"1,090",687.2,738.6,4.4,19,,3.1,3.34,,3.34,-,12.50,12.68,,6.4,5.17,0.8,100.0,,35,35,49,48,0.06,0.53,-0.2,-0.1,0.5,0.3,0.390,0.408,-0.03,-0.04,59.70,64.80,40.00,45.40,69.40,67.10,50.00,50.00,33.20,,3.82,41.3%,47.7%,,20.7,21,19,1.95%,2.00%
Russia,RUS,"144,000,000","16,377,742",,41.2,18.7,34.90,0.816,0.822,57.00,,-3.7,4.82,"3,914.0","4,000.0","3,892.7","4,080.3",28821,30068,29916,32803,2.81,4.82,,4.01,3.83,3.76,4.69,4.68,,,,4.68,"1,414",609.0,653.4,30.3,17,,-,4.68,,4.68,-,0.16,0.07,,5.7,5.01,0,100.0,,5,5,15,14,-0.67,-0.65,-0.1,-0.2,-0.5,-0.5,-0.790,-0.870,-0.89,-0.90,46.90,34.70,38.10,29.70,58.20,56.10,30.00,30.00,35.30,,11.80,16.9%,19.7%,,15.8,16,16,4.08%,3.90%
Rwanda,RWA,"12,000,000","24,668",,50.4,19.6,39.20,0.524,0.534,38.00,,6.9,10.88,25.7,28.1,27.2,30.1,2139,2322,2214,2494,8.58,10.88,,4.20,3.65,3.44,3.13,3.07,3.24,3.33,3.82,3.82,143,52.3,51.4,31.8,248,,-,3.07,3.82,3.07,3.82,4.32,6.34,,2.5,1.61,,100.0,,8,8,15,14,0.04,0.17,0.3,0.3,0.2,0.1,0.130,0.201,0.63,0.60,79.60,26.60,61.20,54.70,69.10,57.10,40.00,40.00,27.20,,0.11,50.0%,48.0%,,61.3,61,61,1.55%,1.20%
Saudi Arabia,SAU,"33,000,000","2,149,690",,45.9,-,41.60,0.853,0.875,62.60,,3.4,3.24,"1,605.3","1,610.6","1,544.0","1,594.0",48768,48984,46778,49551,2.51,3.24,,,,8.51,8.02,7.09,6.79,7.81,,7.81,"3,121",1341.5,1316.3,39.9,17,,-,7.09,7.81,7.09,7.81,,5.18,,5.5,7.36,,100.0,,0,1,7,6,-0.62,-0.58,0.3,0.5,0.0,0.3,0.100,0.230,0.36,0.31,60.20,35.80,49.90,50.70,59.60,55.50,50.00,50.00,40.00,,15.28,0.0%,0.1%,,19.9,20,20,6.59%,8.00%
Senegal,SEN,"16,000,000","192,530",,40.3,21.9,51.20,0.505,0.511,38.40,,6.5,6.06,52.5,54.9,55.6,59.0,3389,3510,3504,3769,6.21,6.06,,5.72,5.46,5.11,4.62,4.86,5.35,5.50,,5.50,97,61.8,59.1,1.8,315,,7.4,4.86,5.50,4.86,5.50,,24.64,,9.5,3.72,1.8,70.4,,31,29,44,39,-0.04,-0.17,-0.3,0.1,-0.2,-0.3,-0.150,-0.364,-0.09,0.06,40.40,49.80,42.60,47.80,55.70,60.00,40.00,40.00,30.20,,0.65,11.1%,14.3%,,41.8,42,43,1.76%,1.50%
Serbia,SRB,"7,000,000","77,474",,38.7,29.0,53.20,0.787,0.802,54.90,,0.7,7.39,121.9,127.1,125.9,135.3,17718,18822,19094,21432,4.50,7.39,,3.93,3.79,3.63,3.71,3.58,3.62,,,3.58,"1,324",617.1,641.0,50.3,12,,4.2,3.58,3.62,3.58,3.62,1.43,2.89,,16.5,11.81,1.2,100.0,,28,21,45,41,0.1,-0.13,0.2,0.0,0.0,0.1,-0.190,-0.092,-0.37,-0.44,48.20,50.40,36.50,37.90,62.50,65.20,50.00,50.00,44.50,,6.62,28.3%,31.1%,,34.4,34,39,2.09%,2.20%
Sierra Leone,SLE,"8,000,000","71,620",,34.0,15.3,29.00,0.419,0.477,32.90,,-21.5,3.05,12.7,13.3,13.1,13.5,1694,1777,1727,1816,3.46,3.05,,2.66,3.06,3.06,4.66,6.99,7.45,8.81,,8.81,256,44.3,46.2,11.1,1120,,2.7,6.99,8.81,6.99,8.81,,,,3,5.33,6,26.2,,28,28,38,37,0.03,-0.16,-1.2,-1.1,-0.9,-1.0,-0.79,-0.8186520338,-0.59,-0.43,29.60,41.90,22.00,32.40,51.80,52.00,20.00,20.00,18.40,,0.12,62.9%,91.4%,,12.4,12,12,0.61%,0.70%
Singapore,SGP,"6,000,000",709,,45.9,-,45.50,0.932,0.939,81.80,,2,7.61,554.5,560.6,537.3,578.3,100686,102431,99681,116486,3.66,7.61,,2.92,2.86,2.87,2.77,2.86,2.74,2.51,,2.51,"3,681",2667.7,2632.7,16.6,8,,-,2.86,2.51,2.86,2.51,0.20,0.10,,1.8,3.62,,100.0,,19,19,33,28,1.59,1.49,2.2,2.3,2.1,2.2,1.820,1.858,2.13,2.17,90.90,58.30,91.20,92.80,88.80,84.40,80.00,80.00,17.70,,8.31,3.3%,3.5%,,23.0,23,30,2.98%,3.20%
Slovakia,SVK,"5,000,000","48,105",,23.7,28.2,46.60,0.855,0.848,67.40,,3.6,3.02,169.7,174.1,166.5,171.6,31215,31967,31356,33010,3.79,3.02,,4.23,4.59,3.91,3.94,3.97,,,,3.97,"2,062",1299.9,1342.1,1.8,5,,4.2,3.97,,3.97,-,4.43,3.29,,10,6.74,0.1,100.0,,36,37,53,53,0.88,0.56,0.8,0.5,0.8,0.9,0.570,0.706,0.22,0.24,38.80,71.90,38.20,53.70,65.30,69.70,70.00,70.00,43.10,,5.70,23.7%,25.0%,,20.0,20,23,1.71%,1.80%
Slovenia,SVN,"2,100,000","20,151",,24.4,24.6,47.90,0.896,0.918,72.60,,2.9,8.11,78.8,81.3,77.9,84.2,38962,40671,39725,43625,4.42,8.11,,5.29,4.91,4.79,4.78,4.94,,,,4.94,"2,734",2169.6,2219.1,2.1,7,,5.3,4.94,,4.94,-,0.23,0.11,,8.7,4.42,0,100.0,,39,38,54,52,0.89,0.76,1.2,1.2,0.6,0.8,1.020,1.030,0.81,0.72,57.70,91.60,52.10,66.70,64.80,70.50,50.00,50.00,47.90,,6.51,30.5%,36.2%,,36.7,24,27,1.22%,1.10%
Solomon Islands,SLB,"600,000","27,986",,-,-,-,0.546,0.564,-,,3.3,-0.18,833.9,850.9,801.9,832.1,2762,2773,2618,2656,3.94,-0.18,,9.81,10.13,12.00,12.11,10.81,11.13,12.75,,12.75,173,96.4,111.9,80.1,104,,-,10.81,12.75,10.81,12.75,4.38,6.65,,31.4,1.03,,73.3,,28,30,44,49,0.21,0.49,-1.0,-0.9,-0.8,-0.9,-0.210,-0.352,0.11,-0.14,57.30,59.50,36.80,42.30,57.50,56.50,30.00,30.00,46.30,,0.54,,5.3%,,2.0,2,8,,
Somalia,SOM,"15,000,000","627,337",,-,-,-,-,-,-,,3.7,3.33,1.8,1.8,1.7,1.7,1157,1237,1246,1302,7.68,3.33,,,,,,,,,,,-,,,4.9,829,,-,,,,-,,,,6.6,19.86,,49.7,,1,1,6,6,-2.33,-2.68,-2.2,-2.1,-2.3,-1.8,-2.310,-2.273,-1.72,-1.78,25.40,-,17.80,-,-,-,-,-,-,,0.04,1.4%,5.0%,,24.4,24,24,...,
South Africa,ZAF,"57,000,000","1,214,470",,62.5,15.9,36.20,0.699,0.713,38.5,,1.3,4.91,17.0,18.3,18.8,19.4,14207,14289,13359,14420,1.49,4.91,,5.49,5.48,5.44,5.60,5.64,5.92,6.19,,6.19,"1,086",564.5,546.7,41.7,119,,6.0,5.64,6.19,5.64,6.19,11.01,10.79,,25.9,33.56,,84.4,,32,33,46,46,-0.27,-0.71,0.3,0.0,0.2,-0.1,-0.010,0.131,-0.01,0.02,65.90,61.30,45.40,48.40,63.00,56.20,50.00,50.00,32.60,,7.51,2.4%,7.0%,,42.0,43,47,,1.00%
South Sudan,SSD,"13,000,000","644,329",,46.0,-,-,0.388,0.385,-,,-,,801.9,802.8,751.2,788.1,,,,,,-,,1.23,1.47,1.54,,,,,,,71,26.7,22.6,50.3,1150,,1.7,,,,,,,,-,13.91,,7.2,,-2,-3,4,4,-2.46,-2.30,-2.5,-2.4,-1.9,-2.0,-1.940,-2.045,-1.71,-1.82,-,-,-,-,-,-,-,-,-,,0.15,0.6%,0.7%,,28.5,28,32,2.37%,3.40%
Spain,ESP,"47,000,000","498,980",,35.9,36.0,52.30,0.891,0.905,71.80,,3.2,5.13,"1,883.9","1,923.2","1,715.1","1,803.0",40696,41695,37756,40775,2.29,5.13,,4.30,4.29,4.23,4.21,4.18,,,,,"3,183",2740.3,2711.2,1.7,4,,4.3,4.18,,4.18,-,3.08,2.80,,19.4,14.73,0.6,100.0,,38,37,56,53,0.27,0.58,1.0,0.9,0.9,0.8,1.010,0.876,0.49,0.74,62.00,74.30,51.50,67.20,65.10,68.20,70.00,70.00,43.70,,5.09,36.2%,46.0%,,39.1,39,43,1.37%,1.20%
Sri Lanka,LKA,"21,000,000","64,630",,39.2,33.8,46.80,0.770,0.782,49.30,,5.2,3.66,278.7,285.2,274.9,284.9,13168,13632,13227,14127,3.27,3.66,,1.93,2.23,,,2.14,1.93,,,1.93,353,162.1,160.7,33.9,36,,1.9,2.14,1.93,2.14,1.93,0.54,,,5,5.39,,100.0,,24,23,31,32,-0.06,-0.32,-0.2,-0.1,-0.1,-0.4,0.060,0.038,-0.45,-0.33,52.00,57.70,30.70,40.10,57.80,53.30,40.00,40.00,18.90,,1.09,49.8%,33.2%,,5.8,6,5,1.88%,1.90%
Sudan,SDN,"41,000,000","1,861,484",,-,-,39.60,0.502,0.508,26.50,,3.5,0.11,182.7,178.7,172.2,172.4,4474,4350,4142,4217,-2.68,0.11,,,,,,,,,,,277,59.5,46.9,28.9,295,,-,,,,-,32.87,,,13.3,19.81,,55.4,,4,0,4,10,-2.01,-1.94,-1.4,-1.6,-0.6,-1.5,-1.110,-1.210,-1.54,-1.29,21.40,13.20,21.20,14.60,49.40,32.00,20.00,20.00,12.50,,0.48,65.7%,55.2%,,30.5,31,,1.02%,1.60%
Suriname,SUR,"600,000","156,000",,-,25.4,-,0.720,0.730,52.70,,0.1,-3.48,10.9,11.1,9.3,9.0,19460,19840,16733,16676,4.95,-3.48,,,5.53,5.64,5.46,4.92,6.83,5.01,,5.01,"1,017",475.0,619.2,4.7,120,,-,4.92,5.01,4.92,5.01,13.83,11.77,,10,10.06,,98.2,,34,34,44,45,0.14,0.37,-0.6,-0.6,-0.5,-0.7,-0.150,-0.103,-0.17,-0.40,21.40,45.80,39.90,37.60,48.10,48.10,30.00,30.00,28.10,,4.56,61.3%,58.2%,,25.5,25,29,,
Sweden,SWE,"10,000,000","410,335",,24.9,28.0,50.50,0.933,0.947,81.90,,4.1,4.80,532.7,543.2,527.3,552.6,53522,54599,55065,59324,1.95,4.80,,7.57,7.44,7.62,7.57,7.64,,,,7.64,"5,299",6005.1,5671.4,37.4,4,,7.7,7.64,,7.64,-,0.13,0.12,,7.1,8.66,0.2,100.0,,40,40,60,60,0.98,1.03,1.8,1.7,1.8,1.8,1.940,1.734,2.14,2.13,88.20,97.10,92.90,95.70,76.30,77.90,80.00,80.00,50.60,,3.41,64.7%,70.1%,,43.6,46,47,1.28%,1.10%
Switzerland,CHE,"8,000,000","39,997",,29.5,34.3,60.10,0.944,0.962,83.80,,0.9,3.69,601.1,608.4,593.8,615.7,71660,72034,71745,77324,2.92,3.69,,4.88,4.94,4.93,4.95,4.86,,,,4.86,"7,583",9870.7,9666.3,,5,,5.1,4.86,,4.86,-,0.08,0.08,,4.6,5.32,,100.0,,39,39,57,57,1.21,1.13,2.1,2.0,1.9,1.7,1.930,1.808,1.99,1.99,82.10,98.00,82.80,92.30,81.70,84.20,90.00,90.00,34.00,,4.36,65.4%,67.4%,,32.5,33,43,0.71%,0.70%
Syria,SYR,"18,000,000","183,630",,-,19.1,-,0.536,0.577,-,,-4.8,,0.0,0.0,0.0,0.0,,,,,1.48,-,,,,,,,,,,,-,,,,31,,-,,,,-,,,,14.3,10.57,,89.1,,-3,-3,2,4,-2.63,-2.66,-1.8,-1.7,-1.8,-1.6,-2.090,-2.070,-1.56,-1.78,22.10,-,23.10,-,-,-,-,-,-,,1.51,2.4%,7.5%,,13.2,13,11,...,4.10%
Taiwan,TWN,"24,000,000","32,260",,33.6,-,43.20,-,-,-,,0.7,,0.0,0.0,0.0,0.0,,,,,,,,,,,,,,,,,-,,,,,,-,,,,,,,,4,-,,,,37,38,56,56,0.89,0.78,1.27,1.470059156,1.37,1.47355628,1.140,1.296,0.96,1.21,69.20,94.20,70.90,73.80,76.60,80.10,60.00,60.00,17.80,,,4.4%,6.6%,,-,19,24,1.74%,1.70%
Tajikistan,TJK,"9,000,000","141,510",,32.6,34.2,55.20,0.650,0.685,41.30,,3,9.20,31.1,33.4,34.9,38.1,3497,3733,3854,4288,7.60,9.20,,,4.97,5.76,5.84,5.56,5.71,,,5.71,193,59.8,61.9,36.1,17,,-,5.56,5.71,5.56,5.71,,,,10.8,7.75,,99.8,,1,0,10,8,-0.67,-0.61,-1.1,-0.6,-1.1,-1.1,-1.350,-1.185,-1.33,-1.34,50.30,9.10,38.20,17.80,58.30,49.70,30.00,30.00,30.90,,1.01,98.5%,93.1%,,19.0,37,37,1.01%,1.20%
Tanzania,TZA,"57,000,000","885,800",,37.6,22.1,37.00,0.538,0.549,36.00,,7,4.28,141.6,149.8,152.8,159.3,2652,2773,2780,2933,5.44,4.28,,3.38,4.19,4.10,4.43,3.70,3.60,3.23,3.30,3.30,96,42.0,40.3,31.9,524,,3.5,3.70,3.30,3.70,3.30,17.65,16.08,,2.6,2.65,13.6,39.9,,22,12,30,22,-0.58,-0.44,-0.6,-0.6,-0.6,-0.6,-0.450,-0.523,-0.48,-0.36,34.70,27.00,31.80,36.90,59.90,59.50,50.00,50.00,18.50,,0.21,35.3%,33.5%,,36.4,,,1.07%,1.30%
Thailand,THA,"69,000,000","510,890",,44.5,37.3,52.90,0.755,0.800,52.40,,2.8,1.57,"1,256.8","1,283.8","1,204.3","1,223.1",18534,19217,18198,19209,4.22,1.57,,3.72,3.76,3.64,3.36,3.06,2.97,,,2.97,610,278.6,296.2,28.4,37,,-,3.06,2.97,3.06,2.97,,,,0.6,1.42,0,100.0,,6,5,25,24,-0.76,-0.55,0.4,0.3,0.1,0.1,0.040,0.115,-0.39,-0.46,45.30,36.20,34.70,38.50,67.10,63.20,60.00,60.00,22.00,,3.84,9.0%,16.7%,,4.8,5,16,1.32%,1.30%
Timor-Leste,TLS,"1,200,000","14,874",,31.9,-,-,0.625,0.607,-,,4.3,4.40,3.9,4.7,5.2,5.4,3168,3780,4141,4418,-0.69,4.40,,7.52,8.45,8.08,7.03,6.73,,,,,141,93.6,92.7,19.2,142,,-,6.73,,6.73,-,4.19,4.90,,4,5.07,,96.1,,32,33,37,39,0.03,0.17,-1.0,-0.8,-0.7,-0.8,-1.170,-0.998,-0.54,-0.05,13.80,35.30,32.00,38.20,48.10,46.30,20.00,20.00,48.00,,0.48,,0.0%,,32.3,34,38,1.14%,1.00%
Togo,TGO,"8,000,000","54,385",,46.0,13.2,37.30,0.503,0.539,34.9,,5.3,5.26,16.3,17.1,17.5,18.4,2111,2211,2223,2380,4.98,5.26,,4.78,5.11,3.69,3.76,4.04,4.07,3.99,,3.99,96,54.9,51.2,7.4,396,,4.9,4.04,3.99,4.04,3.99,5.31,1.22,,6.8,4.00,8.5,54.0,,18,15,29,27,-0.74,-0.80,-1.1,-0.6,-0.8,-0.6,-0.710,-0.559,-0.71,-0.67,28.20,35.10,31.40,28.80,47.80,57.20,30.00,30.00,29.80,,0.29,76.1%,17.1%,,17.6,18,19,1.78%,3.10%
Trinidad and Tobago,TTO,"1,400,000","5,128",,-,15.7,31.60,0.784,0.810,58.70,,-1.8,-0.99,37.5,37.4,34.7,34.3,27617,27960,26125,26868,-0.71,-0.99,,5.33,3.39,3.95,3.58,3.30,3.70,4.10,,4.10,"2,204",1143.2,1167.9,14.3,67,,-,3.30,4.10,3.30,4.10,,,,3.9,4.80,,100.0,,33,33,48,49,0.29,0.15,0.3,0.2,0.0,-0.1,-0.110,-0.136,-0.36,-0.28,49.80,59.30,33.10,44.20,57.70,58.80,50.00,50.00,39.00,,12.32,,0.1%,,31.0,31,26,0.89%,0.70%
Tunisia,TUN,"12,000,000","155,360",,40.0,26.2,43.90,0.735,0.731,49.30,,0.8,3.34,131.8,133.6,121.9,126.0,11670,11903,10879,11595,2.62,3.34,,6.88,6.22,7.32,,,,,,,774,236.7,233.1,8.1,43,,-,,,,-,,,,14.8,16.82,,100.0,,30,26,40,38,-1.05,-0.70,-0.1,-0.2,-0.4,-0.4,0.070,0.096,-0.11,-0.23,41.70,49.50,36.80,47.30,58.90,54.20,30.00,30.00,28.60,,2.56,3.0%,3.9%,,31.3,31,26,2.83%,2.60%
Turkiye,TUR,"81,000,000","769,632",,40.2,26.4,41.30,0.791,0.838,53.30,,3.8,10.99,"2,331.7","2,352.5","2,394.7","2,657.8",27961,26867,27235,30472,2.98,10.99,,,,,,4.29,,,,,996,389.9,396.5,18.7,17,,4.4,4.29,,4.29,-,4.96,4.78,,10.3,13.39,0,100.0,,16,16,16,16,-1.8,-1.10,0.1,-0.1,0.0,-0.1,-0.250,-0.416,-0.19,-0.39,54.50,25.60,42.00,39.40,65.40,56.90,60.00,60.00,32.60,,4.76,32.9%,43.8%,,14.6,17,17,2.06%,2.70%
Turkmenistan,TKM,"6,000,000","469,930",,40.8,14.6,33.00,0.706,0.745,-,,6.5,,86.9,92.3,0.0,0.0,15200,16194,,,6.20,6.30,,,,,,,3.12,,,3.12,"1,004",460.3,500.0,13.9,7,,-,,3.12,,3.12,,,,8.6,5.08,,100.0,,0,0,4,2,-0.15,-0.32,-1.2,-0.9,-2.0,-2.0,-1.490,-1.442,-1.48,-1.42,5.00,8.30,27.30,7.40,47.10,46.20,10.00,10.00,16.10,,12.26,0.0%,0.0%,,25.8,25,25,...,
Uganda,UGA,"43,000,000","197,100",,39.5,19.4,44.80,0.516,0.525,30.90,,5,3.38,90.8,96.6,99.5,102.9,2176,2275,2294,2398,6.30,3.38,,1.91,2.32,2.14,2.25,2.13,1.53,2.59,2.67,2.67,139,32.1,32.4,6.9,,,2.3,2.13,2.67,2.13,2.67,,,,2.3,2.94,13.7,42.1,,11,11,26,23,-0.56,-0.86,-0.6,-0.6,-0.2,-0.5,-0.300,-0.352,-1.04,-1.00,40.30,29.20,28.30,24.00,62.00,54.20,40.00,40.00,17.40,,0.13,80.8%,98.9%,,34.3,34,34,2.42%,2.10%
Ukraine,UKR,"45,000,000","579,330",,25.5,26.4,40.90,0.751,0.773,52.50,,-9.9,3.40,521.5,538.2,518.0,535.6,12632,13345,13087,14220,3.49,3.40,,5.87,5.74,5.01,5.42,5.32,5.44,,,5.44,469,222.5,248.1,9.1,19,,5.9,5.32,5.44,5.32,5.44,,,,8.9,8.88,0,100.0,,26,26,36,35,-1.89,-1.10,-0.5,-0.4,-0.3,-0.3,-0.710,-0.660,-0.78,-0.77,29.50,31.40,29.00,33.80,51.90,54.10,30.00,30.00,42.80,,3.94,4.6%,6.5%,,12.3,12,21,3.23%,3.40%
United Arab Emirates,ARE,"9,000,000","83,600",,-,-,34.30,0.863,0.911,70.40,,3.9,-6.13,645.0,667.0,626.1,0.0,68568,71145,66766,,1.19,-6.13,,,,,,,3.87,3.88,,3.88,"2,426",1817.3,1842.7,7.6,3,,-,,3.88,,3.88,,0.24,,3.7,3.36,0,100.0,,5,5,12,12,0.63,0.65,1.4,1.4,1.0,1.0,0.800,0.830,1.13,1.18,83.40,35.40,77.30,71.80,77.60,70.20,60.00,60.00,31.20,,19.33,0.2%,2.7%,,22.5,23,50,...,5.60%
United Kingdom,GBR,"66,000,000","241,930",,32.4,31.9,56.00,0.922,0.929,74.60,,2.2,7.44,"3,113.9","3,165.9","2,872.4","3,086.2",47573,49041,46527,49675,1.65,7.44,,5.56,5.51,5.38,5.38,5.17,,,,,"4,145",4270.2,4312.9,8.2,7,,5.7,5.17,,5.17,-,0.66,1.13,,4.8,4.53,,100.0,,40,39,54,54,0.26,0.54,1.4,1.3,1.7,1.5,1.680,1.427,1.84,1.67,93.80,85.90,79.00,87.10,78.00,72.70,80.00,80.00,43.00,,5.22,27.4%,47.1%,,32.0,32,34,2.22%,1.70%
United States,USA,"326,000,000","9,147,593",,45.0,20.7,37.40,0.924,0.921,76.00,,2.4,5.67,"20,048.2","20,507.1","19,808.9","20,932.3",62805,65095,63028,69288,2.92,5.67,,,4.95,4.80,5.11,4.91,,,,,"9,536",10515.3,10921.0,12.5,19,,5.0,4.91,,4.91,-,0.57,0.92,,4.9,5.46,0.8,100.0,,33,32,53,51,0.3,0.00,1.6,1.3,1.6,1.5,1.640,1.417,1.38,1.05,76.90,77.90,71.90,75.70,75.70,72.10,80.00,80.00,38.10,,14.67,14.0%,20.9%,,19.4,24,28,3.48%,3.40%
Uruguay,URY,"3,500,000","175,015",,41.6,36.1,57.50,0.804,0.809,64.20,,1.5,4.37,79.5,79.7,74.9,78.1,23585,24005,22728,24625,0.48,4.37,,4.58,4.55,4.38,4.47,4.66,4.70,,,4.70,"1,748",1686.1,1661.0,5.4,17,,-,4.66,4.70,4.66,4.70,0.15,0.56,,8.2,10.45,0.1,100.0,,40,40,58,57,1.06,1.05,0.4,0.8,0.7,0.7,0.590,0.732,1.29,1.62,67.00,80.40,71.60,75.20,69.20,70.00,30.00,30.00,32.40,,1.87,89.1%,98.3%,,20.2,20,24,2.26%,2.00%
Uzbekistan,UZB,"32,000,000","425,400",,36.8,29.1,54.10,0.710,0.727,43.10,,8,7.42,233.4,246.8,251.4,270.1,7252,7658,7746,8497,5.35,7.42,,5.71,5.49,5.38,5.03,5.90,7.00,4.92,,4.92,383,82.3,98.6,12.9,29,,-,5.90,4.92,5.90,4.92,0.73,0.94,,8.9,7.16,,100.0,,1,2,6,9,-0.28,-0.24,-0.6,-0.2,-1.3,-0.6,-1.110,-0.886,-1.16,-0.81,35.30,13.10,24.20,23.80,51.50,55.70,10.00,40.00,33.90,,3.48,21.5%,10.8%,,16.0,16,33,...,3.60%
Venezuela,VEN,"32,000,000","882,050",,39.0,33.6,48.90,0.761,0.691,43.10,,-5.7,,0.0,0.0,0.0,0.0,,,,,,-,,,1.93,1.19,1.34,,,,,,579,464.0,338.8,,125,,-,,,,-,,,,6.9,6.41,,100.0,,8,1,18,13,-1.18,-1.53,-1.4,-1.9,-2.0,-2.2,-2.260,-2.296,-1.36,-1.61,13.80,4.60,7.50,7.10,25.20,24.80,10.00,10.00,37.70,,3.94,64.9%,68.4%,,22.2,22,22,,0.50%
Vietnam,VNM,"96,000,000","310,070",,34.8,40.3,48.40,0.694,0.703,50.80,,6.7,2.59,912.3,977.6,"1,006.3","1,032.4",9777,10562,10904,11553,7.20,2.59,,,4.47,4.34,4.09,4.17,4.06,,,4.06,334,163.2,180.7,21.1,43,,-,4.17,4.06,4.17,4.06,,,,2.2,2.17,0.2,100.0,,3,3,17,16,0.31,-0.11,0.0,0.3,-0.4,-0.4,0.070,-0.146,-0.58,-0.29,36.30,33.80,30.40,33.60,53.10,60.60,40.00,50.00,29.40,,3.49,37.9%,28.2%,,26.7,27,30,...,2.00%
Yemen,YEM,"28,000,000","527,968",,37.9,22.8,44.60,0.452,0.455,23.90,,-28.1,-2.06,0.0,0.0,0.0,0.0,,,,,0.75,-2.06,,,,,,,,,,,144,,,25.8,164,,-,,,,-,,,,17.1,13.57,,73.8,,1,1,12,8,-2.96,-2.59,-1.9,-2.3,-1.5,-2.0,-1.750,-1.799,-1.59,-1.65,16.60,-,21.20,-,-,-,-,-,25.20,,0.38,,14.6%,,0.0,0,0,...,4.00%
Zambia,ZMB,"17,000,000","743,398",,57.5,25.2,34.40,0.588,0.565,33.20,,3.6,3.57,61.1,62.0,60.3,62.4,3606,3617,3457,3624,4.03,3.57,,5.20,4.62,3.75,3.73,4.74,4.47,3.70,,3.70,203,76.3,69.3,37.9,213,,-,4.74,3.70,4.74,3.70,,,,7.5,13.03,,44.5,,22,21,33,30,0.11,0.06,-0.6,-0.8,-0.5,-0.6,-0.330,-0.593,-0.54,-0.75,40.60,45.20,36.30,30.80,54.30,48.70,50.00,50.00,25.70,,0.38,97.1%,87.0%,,18.0,18,15,1.30%,1.20%
Zimbabwe,ZWE,"17,000,000","386,847",,43.2,22.1,28.60,0.535,0.593,29.70,,1.5,5.85,36.1,33.8,31.7,33.6,2557,2408,2251,2444,4.82,5.85,,6.14,5.81,5.47,5.82,3.87,,,,3.87,182,141.4,103.0,,458,,7.5,3.87,,3.87,-,15.30,13.64,,5.1,5.17,13.5,52.7,,10,11,20,17,-0.77,-1.03,-1.2,-1.2,-1.6,-1.4,-1.380,-1.261,-1.27,-1.26,33.00,16.30,18.90,20.60,44.00,33.10,10.00,10.00,30.60,,0.80,54.0%,66.0%,,32.6,31,32,0.01%,0.70%
,,,,,,,,,,,,,,,,,,,,,,,,,,,,,,,,,,,,,,,,,,,,,,,,,,,,,,,,,,,,,,,,,,,,,,,,,,,,,,,,,,,,,
,,,,,,,,,,,,,,,,,,,,,,,,,,,,,,,,,,,,,,,,,,,,,,,,,,,,,,,,,,,,,,,,,,,,,,,,,,,,,,,,,,,,,
,,,,,,,,,,,,,,,,,,,,,,,,,,,,,,,,,,,,,,,,,,,,,,,,,,,,,,,,,,,,,,,,,,,,,,,,,,,,,,,,,,,,,
,,,,,,,,,,,,,,,,,,,,,,,,,,,,,,,,,,,,,,,,,,,,,,,,,,,,,,,,,,,,,,,,,,,,,,,,,,,,,,,,,,,,,
,,,,,,,,,,,,,,,,,,,,,,,,,,,,,,,,,,,,,,,,,,,,,,,,,,,,,,,,,,,,,,,,,,,,,,,,,,,,,,,,,,,,,
,,,,,,,,,,,,,,,,,,,,,,,,,,,,,,,,,,,,,,,,,,,,,,,,,,,,,,,,,,,,,,,,,,,,,,,,,,,,,,,,,,,,,
,,,,,,,,,,,,,,,,,,,,,,,,,,,,,,,,,,,,,,,,,,,,,,,,,,,,,,,,,,,,,,,,,,,,,,,,,,,,,,,,,,,,,
,,,,,,,,,,,,,,,,,,,,,,,,,,,,,,,,,,,,,,,,,,,,,,,,,,,,,,,,,,,,,,,,,,,,,,,,,,,,,,,,,,,,,
,,,,,,,,,,,,,,,,,,,,,,,,,,,,,,,,,,,,,,,,,,,,,,,,,,,,,,,,,,,,,,,,,,,,,,,,,,,,,,,,,,,,,
,,,,,,,,,,,,,,,,,,,,,,,,,,,,,,,,,,,,,,,,,,,,,,,,,,,,,,,,,,,,,,,,,,,,,,,,,,,,,,,,,,,,,
,,,,,,,,,,,,,,,,,,,,,,,,,,,,,,,,,,,,,,,,,,,,,,,,,,,,,,,,,,,,,,,,,,,,,,,,,,,,,,,,,,,,,
,,,,,,,,,,,,,,,,,,,,,,,,,,,,,,,,,,,,,,,,,,,,,,,,,,,,,,,,,,,,,,,,,,,,,,,,,,,,,,,,,,,,,
,,,,,,,,,,,,,,,,,,,,,,,,,,,,,,,,,,,,,,,,,,,,,,,,,,,,,,,,,,,,,,,,,,,,,,,,,,,,,,,,,,,,,
,,,,,,,,,,,,,,,,,,,,,,,,,,,,,,,,,,,,,,,,,,,,,,,,,,,,,,,,,,,,,,,,,,,,,,,,,,,,,,,,,,,,,
,,,,,,,,,,,,,,,,,,,,,,,,,,,,,,,,,,,,,,,,,,,,,,,,,,,,,,,,,,,,,,,,,,,,,,,,,,,,,,,,,,,,,
,,,,,,,,,,,,,,,,,,,,,,,,,,,,,,,,,,,,,,,,,,,,,,,,,,,,,,,,,,,,,,,,,,,,,,,,,,,,,,,,,,,,,
,,,,,,,,,,,,,,,,,,,,,,,,,,,,,,,,,,,,,,,,,,,,,,,,,,,,,,,,,,,,,,,,,,,,,,,,,,,,,,,,,,,,,
,,,,,,,,,,,,,,,,,,,,,,,,,,,,,,,,,,,,,,,,,,,,,,,,,,,,,,,,,,,,,,,,,,,,,,,,,,,,,,,,,,,,,
,,,,,,,,,,,,,,,,,,,,,,,,,,,,,,,,,,,,,,,,,,,,,,,,,,,,,,,,,,,,,,,,,,,,,,,,,,,,,,,,,,,,,
,,,,,,,,,,,,,,,,,,,,,,,,,,,,,,,,,,,,,,,,,,,,,,,,,,,,,,,,,,,,,,,,,,,,,,,,,,,,,,,,,,,,,
,,,,,,,,,,,,,,,,,,,,,,,,,,,,,,,,,,,,,,,,,,,,,,,,,,,,,,,,,,,,,,,,,,,,,,,,,,,,,,,,,,,,,
,,,,,,,,,,,,,,,,,,,,,,,,,,,,,,,,,,,,,,,,,,,,,,,,,,,,,,,,,,,,,,,,,,,,,,,,,,,,,,,,,,,,,
,,,,,,,,,,,,,,,,,,,,,,,,,,,,,,,,,,,,,,,,,,,,,,,,,,,,,,,,,,,,,,,,,,,,,,,,,,,,,,,,,,,,,
,,,,,,,,,,,,,,,,,,,,,,,,,,,,,,,,,,,,,,,,,,,,,,,,,,,,,,,,,,,,,,,,,,,,,,,,,,,,,,,,,,,,,
,,,,,,,,,,,,,,,,,,,,,,,,,,,,,,,,,,,,,,,,,,,,,,,,,,,,,,,,,,,,,,,,,,,,,,,,,,,,,,,,,,,,,
,,,,,,,,,,,,,,,,,,,,,,,,,,,,,,,,,,,,,,,,,,,,,,,,,,,,,,,,,,,,,,,,,,,,,,,,,,,,,,,,,,,,,
,,,,,,,,,,,,,,,,,,,,,,,,,,,,,,,,,,,,,,,,,,,,,,,,,,,,,,,,,,,,,,,,,,,,,,,,,,,,,,,,,,,,,
,,,,,,,,,,,,,,,,,,,,,,,,,,,,,,,,,,,,,,,,,,,,,,,,,,,,,,,,,,,,,,,,,,,,,,,,,,,,,,,,,,,,,
,,,,,,,,,,,,,,,,,,,,,,,,,,,,,,,,,,,,,,,,,,,,,,,,,,,,,,,,,,,,,,,,,,,,,,,,,,,,,,,,,,,,,
,,,,,,,,,,,,,,,,,,,,,,,,,,,,,,,,,,,,,,,,,,,,,,,,,,,,,,,,,,,,,,,,,,,,,,,,,,,,,,,,,,,,,
,,,,,,,,,,,,,,,,,,,,,,,,,,,,,,,,,,,,,,,,,,,,,,,,,,,,,,,,,,,,,,,,,,,,,,,,,,,,,,,,,,,,,
,,,,,,,,,,,,,,,,,,,,,,,,,,,,,,,,,,,,,,,,,,,,,,,,,,,,,,,,,,,,,,,,,,,,,,,,,,,,,,,,,,,,,
,,,,,,,,,,,,,,,,,,,,,,,,,,,,,,,,,,,,,,,,,,,,,,,,,,,,,,,,,,,,,,,,,,,,,,,,,,,,,,,,,,,,,
,,,,,,,,,,,,,,,,,,,,,,,,,,,,,,,,,,,,,,,,,,,,,,,,,,,,,,,,,,,,,,,,,,,,,,,,,,,,,,,,,,,,,
,,,,,,,,,,,,,,,,,,,,,,,,,,,,,,,,,,,,,,,,,,,,,,,,,,,,,,,,,,,,,,,,,,,,,,,,,,,,,,,,,,,,,
,,,,,,,,,,,,,,,,,,,,,,,,,,,,,,,,,,,,,,,,,,,,,,,,,,,,,,,,,,,,,,,,,,,,,,,,,,,,,,,,,,,,,
,,,,,,,,,,,,,,,,,,,,,,,,,,,,,,,,,,,,,,,,,,,,,,,,,,,,,,,,,,,,,,,,,,,,,,,,,,,,,,,,,,,,,
,,,,,,,,,,,,,,,,,,,,,,,,,,,,,,,,,,,,,,,,,,,,,,,,,,,,,,,,,,,,,,,,,,,,,,,,,,,,,,,,,,,,,
,,,,,,,,,,,,,,,,,,,,,,,,,,,,,,,,,,,,,,,,,,,,,,,,,,,,,,,,,,,,,,,,,,,,,,,,,,,,,,,,,,,,,
,,,,,,,,,,,,,,,,,,,,,,,,,,,,,,,,,,,,,,,,,,,,,,,,,,,,,,,,,,,,,,,,,,,,,,,,,,,,,,,,,,,,,
,,,,,,,,,,,,,,,,,,,,,,,,,,,,,,,,,,,,,,,,,,,,,,,,,,,,,,,,,,,,,,,,,,,,,,,,,,,,,,,,,,,,,
,,,,,,,,,,,,,,,,,,,,,,,,,,,,,,,,,,,,,,,,,,,,,,,,,,,,,,,,,,,,,,,,,,,,,,,,,,,,,,,,,,,,,
,,,,,,,,,,,,,,,,,,,,,,,,,,,,,,,,,,,,,,,,,,,,,,,,,,,,,,,,,,,,,,,,,,,,,,,,,,,,,,,,,,,,,
,,,,,,,,,,,,,,,,,,,,,,,,,,,,,,,,,,,,,,,,,,,,,,,,,,,,,,,,,,,,,,,,,,,,,,,,,,,,,,,,,,,,,
,,,,,,,,,,,,,,,,,,,,,,,,,,,,,,,,,,,,,,,,,,,,,,,,,,,,,,,,,,,,,,,,,,,,,,,,,,,,,,,,,,,,,
,,,,,,,,,,,,,,,,,,,,,,,,,,,,,,,,,,,,,,,,,,,,,,,,,,,,,,,,,,,,,,,,,,,,,,,,,,,,,,,,,,,,,
,,,,,,,,,,,,,,,,,,,,,,,,,,,,,,,,,,,,,,,,,,,,,,,,,,,,,,,,,,,,,,,,,,,,,,,,,,,,,,,,,,,,,
,,,,,,,,,,,,,,,,,,,,,,,,,,,,,,,,,,,,,,,,,,,,,,,,,,,,,,,,,,,,,,,,,,,,,,,,,,,,,,,,,,,,,
,,,,,,,,,,,,,,,,,,,,,,,,,,,,,,,,,,,,,,,,,,,,,,,,,,,,,,,,,,,,,,,,,,,,,,,,,,,,,,,,,,,,,
,,,,,,,,,,,,,,,,,,,,,,,,,,,,,,,,,,,,,,,,,,,,,,,,,7.764623505,,,,,,,,,,,,,,,,,,,,,,,,,,,,,,,,,,,,